0,1.711,1.588,1.843,1.514,1.19,1.843,-2.139,-2.344,-1.883,-2.13,-2.366,-1.879,-2.426,-2.448,-2.405,26.59,26.18,27.12,-2.375,-2.474,-2.231,26.62,25.85,27.51,72807.07,72809.89,-2.139,-92.7,2.798,-17.84,-2.446,-90.9,2.477,-17.48,12.57,12.56,12.58,-2.771,12.55,12.26,12.58,-2.773,0,0,0.065,0.009,0.4383,-1.594,0.065,0.009,0.4383,-1.612,0.052,0.006,0.3875,-0.965,0.052,0.006,0.3875,-0.967,0.065,0.007,0.4394,-2.87,0.065,0.007,0.4396,-2.822,0.077,0.01,0.4871,-1.995,0.077,0.01,0.4871,-1.996,-4.403,-4.503,-4.332,-4.415,-4.552,-4.285,-3.591,-3.645,-3.474,-3.596,-3.728,-3.474,0.138,0.077,0.181,0.12,0.001,0.23,-2.583,-2.686,-2.495,-2.579,-2.731
1,1.773,1.614,1.97,1.472,0.852,1.97,-2.275,-2.437,-2.127,-1.982,-2.561,-1.331,-2.492,-2.538,-2.457,28.62,28.29,29.01,-2.266,-2.538,-2.077,27.66,27,29.01,72818.3,72817.45,-2.017,-94.1,2.959,-18.36,-2.909,-94.6,2.177,-18.54,12.56,12.55,12.56,-3.155,12.53,12.22,12.56,-3.127,0,0,0.065,0.009,0.4383,-1.641,0.065,0.009,0.4383,-1.636,0.052,0.006,0.3867,-0.945,0.052,0.006,0.3867,-0.957,0.065,0.007,0.4385,-2.92,0.065,0.007,0.4385,-2.904,0.077,0.01,0.4881,-2.03,0.077,0.01,0.4874,-2.017,-4.507,-4.6,-4.406,-4.487,-4.641,-4.356,-3.666,-3.773,-3.567,-3.643,-3.773,-3.524,0.164,0.086,0.256,0.167,0.077,0.272,-2.668,-2.748,-2.589,-2.639,-2.753
2,1.675,1.512,1.766,1.704,1.201,1.993,-1.473,-1.741,-1.226,-1.719,-2.144,-1.226,-2.057,-2.109,-2.017,31,30.83,31.28,-2.077,-2.178,-1.948,30.97,30.47,31.56,72835.78,72835.02,-1.741,-82.2,2.346,-18.53,-1.347,-86.5,2.897,-18.57,12.54,12.52,12.54,-3.243,12.51,12.19,12.54,-3.251,0,0,0.065,0.009,0.4383,-1.646,0.065,0.009,0.4383,-1.621,0.052,0.006,0.3867,-0.964,0.052,0.006,0.3867,-0.962,0.065,0.007,0.4377,-2.984,0.065,0.007,0.4377,-2.989,0.076,0.01,0.486,-2.065,0.077,0.01,0.4869,-2.065,-4.687,-4.773,-4.581,-4.678,-4.813,-4.529,-3.801,-3.86,-3.706,-3.797,-3.914,-3.685,0.101,0.034,0.187,0.106,-0.005,0.225,-2.83,-2.918,-2.729,-2.811,-2.945
3,1.698,1.262,2.003,1.757,0.81,2.352,-0.537,-0.866,-0.017,-0.8,-1.379,-0.017,-1.157,-1.239,-1.055,29.68,29.3,29.97,-1.07,-1.278,-0.911,29.61,28.97,30.71,72850.1,72851.1,-2.404,-83.7,1.766,-16.98,-1.743,-81,2.113,-17.36,12.52,12.51,12.52,-2.759,12.49,12.17,12.52,-2.812,0,0,0.065,0.009,0.4383,-1.631,0.065,0.009,0.4383,-1.66,0.052,0.006,0.3858,-0.924,0.052,0.006,0.3858,-0.944,0.064,0.007,0.4368,-3.073,0.064,0.007,0.4368,-3.084,0.077,0.01,0.4862,-2.075,0.076,0.01,0.4862,-2.107,-4.73,-4.824,-4.647,-4.738,-4.916,-4.634,-3.947,-4.075,-3.818,-3.931,-4.076,-3.795,0.057,0.005,0.127,0.069,-0.063,0.17,-2.922,-2.986,-2.824,-2.927,-3.061
4,1.426,1.266,1.605,1.554,0.98,1.932,-1.322,-1.9,-1.132,-1.549,-2.082,-1.007,-1.861,-1.908,-1.814,30.15,29.96,30.85,-1.86,-2.036,-1.659,30.54,29.96,31.47,72825.32,72834.09,-2.382,-96.3,2.371,-18.39,-2.373,-92.8,2.252,-17.97,12.5,12.49,12.5,-2.394,12.47,12.15,12.5,-2.391,0,0,0.065,0.009,0.4383,-1.695,0.065,0.009,0.4383,-1.669,0.052,0.006,0.3859,-0.979,0.052,0.006,0.3858,-0.97,0.064,0.007,0.4359,-3.134,0.064,0.007,0.4359,-3.156,0.076,0.01,0.4851,-2.127,0.076,0.01,0.4852,-2.143,-4.623,-4.692,-4.555,-4.644,-4.758,-4.547,-3.879,-3.988,-3.799,-3.893,-4.054,-3.779,0.139,0.046,0.232,0.129,-0.023,0.235,-2.91,-2.977,-2.806,-2.913,-3.026
5,1.482,1.237,1.797,1.33,0.357,2,-1.161,-1.383,-0.681,-1.091,-1.943,-0.341,-1.37,-1.417,-1.342,29.37,29.23,29.52,-1.437,-1.65,-1.244,29.28,28.8,30.72,72826.15,72829.47,-2.117,-95.8,2.343,-17.42,-2.731,-96.6,2.05,-17.8,12.47,12.45,12.47,-2.422,12.44,12.11,12.47,-2.422,0,0,0.065,0.009,0.4383,-1.691,0.065,0.009,0.4383,-1.688,0.051,0.006,0.385,-0.959,0.052,0.006,0.385,-0.945,0.064,0.007,0.435,-3.184,0.064,0.007,0.435,-3.198,0.076,0.01,0.4852,-2.18,0.076,0.01,0.4852,-2.197,-4.707,-4.77,-4.633,-4.692,-4.822,-4.581,-3.905,-3.963,-3.843,-3.93,-4.069,-3.829,0.155,0.099,0.221,0.133,-0.017,0.238,-2.942,-3.089,-2.815,-2.957,-3.089
6,0.778,0.589,0.943,0.532,-0.131,0.943,-1.774,-1.968,-1.658,-1.948,-2.699,-1.345,-2.352,-2.409,-2.294,32.67,32.59,32.76,-2.242,-2.491,-1.951,32.59,31.81,33.83,72855.87,72860.58,-2.393,-85.8,2.017,-16.22,-2.856,-87.9,1.805,-17.02,12.42,12.42,12.43,-2.668,12.39,12.07,12.43,-2.638,0,0,0.065,0.009,0.4383,-1.714,0.065,0.009,0.4383,-1.721,0.051,0.006,0.3849,-0.963,0.052,0.006,0.385,-0.953,0.064,0.007,0.4351,-3.256,0.064,0.007,0.4351,-3.26,0.076,0.01,0.4843,-2.222,0.076,0.01,0.4843,-2.218,-4.716,-4.827,-4.606,-4.729,-4.874,-4.596,-3.951,-4.077,-3.851,-3.935,-4.077,-3.839,0.169,0.094,0.232,0.164,0.019,0.253,-2.971,-3.063,-2.906,-2.97,-3.117
7,1.82,1.652,2.003,0.66,-0.963,2.018,-2.181,-2.568,-1.995,-2.756,-3.123,-1.95,-2.901,-2.971,-2.824,32.7,32.36,33.41,-3.17,-3.286,-2.824,33.79,32.36,34.37,72839.8,72849.27,5.993,-77.18,5.431,-15.16,2.449,-77.09,3.551,-14.76,12.37,12.36,12.37,-3.171,12.33,12.03,12.37,-3.118,11,8,0.065,0.009,0.4383,-1.821,0.065,0.009,0.4383,-1.749,0.051,0.006,0.3842,-0.964,0.051,0.006,0.3842,-0.968,0.064,0.007,0.4342,-3.313,0.064,0.007,0.4342,-3.308,0.076,0.01,0.4843,-2.229,0.076,0.01,0.4843,-2.247,-4.808,-4.854,-4.746,-4.787,-4.911,-4.66,-3.994,-4.101,-3.909,-3.974,-4.101,-3.858,0.201,0.121,0.277,0.214,0.057,0.333,-3.026,-3.098,-2.933,-3.012,-3.149
8,2.179,2.034,2.298,2.003,1.626,2.354,0.939,0.77,1.174,0.848,0.306,1.28,0.799,0.767,0.822,39.93,39.59,40.43,0.625,0.223,0.822,38.51,34.89,40.43,72886.65,72879.43,44.09,-69.48,7.995,-12.16,42.84,-68.85,7.928,-13.11,12.56,12.54,12.57,-2.597,12.47,12.1,12.57,-2.746,92,89,0.065,0.009,0.4383,-1.758,0.065,0.009,0.4383,-1.775,0.051,0.006,0.3842,-0.947,0.051,0.006,0.3842,-0.96,0.064,0.006,0.4343,-3.346,0.064,0.007,0.4342,-3.365,0.076,0.01,0.4834,-2.274,0.076,0.01,0.4839,-2.305,-5.139,-5.248,-5.043,-5.114,-5.256,-4.99,-4.373,-4.477,-4.315,-4.329,-4.477,-4.145,-0.133,-0.255,-0.024,-0.089,-0.255,0.027,-3.41,-3.49,-3.313,-3.377,-3.502
9,2.245,2.042,2.439,2.201,1.926,2.442,2.801,2.667,2.869,2.701,2.506,2.908,3.151,3.133,3.173,39.05,38,39.82,3.07,3.005,3.173,40.07,38,41.26,72928.93,72923.96,168.1,-45.96,23.36,-1.93,162.5,-47.97,22.95,-2.223,13.78,13.76,13.79,0.655,13.68,13.23,13.79,0.363,323,312,0.065,0.009,0.4384,-1.772,0.065,0.009,0.4383,-1.774,0.051,0.006,0.3842,-0.975,0.051,0.006,0.3842,-0.981,0.064,0.007,0.4333,-3.371,0.064,0.007,0.4333,-3.402,0.076,0.01,0.4834,-2.334,0.076,0.01,0.4834,-2.322,-5.013,-5.099,-4.95,-5.09,-5.237,-4.95,-4.685,-4.778,-4.615,-4.699,-4.809,-4.615,-0.477,-0.54,-0.426,-0.486,-0.642,-0.403,-3.781,-3.843,-3.694,-3.803,-3.925
10,2.453,2.326,2.564,2.302,2.077,2.564,3.327,3.07,3.443,3.317,2.961,3.531,3.596,3.565,3.617,42.52,42.21,42.85,3.654,3.565,3.806,41.02,39.42,42.85,72946.48,72948.99,315.3,-40.88,29.47,-4.142,197.7,-43.2,19.68,-5.633,14.34,14.31,14.42,3.924,14.16,13.38,14.42,3.745,608,397,0.065,0.009,0.4383,-1.826,0.065,0.009,0.4383,-1.808,0.051,0.006,0.385,-0.98,0.052,0.006,0.385,-0.977,0.064,0.007,0.4342,-3.317,0.064,0.007,0.4342,-3.34,0.076,0.01,0.4825,-2.351,0.076,0.01,0.4829,-2.343,-4.06,-4.13,-3.999,-4.171,-4.347,-3.997,-4.216,-4.307,-4.155,-4.307,-4.501,-4.151,-0.306,-0.388,-0.248,-0.352,-0.526,-0.2,-3.408,-3.467,-3.331,-3.5,-3.692
11,2.124,2.014,2.349,2.221,1.787,3.062,3.286,3.212,3.37,3.662,3.212,4.333,3.691,3.652,3.731,41.99,41.81,42.19,3.947,3.652,4.189,41.24,39.8,42.85,72935.38,72932.43,169.3,-84.1,17.43,-5.595,235.4,-77.11,23.99,-3.451,14.28,14.26,14.3,5.532,14.25,13.36,14.37,5.421,330,450,0.065,0.009,0.4384,-1.832,0.065,0.009,0.4383,-1.827,0.052,0.006,0.3857,-0.989,0.052,0.006,0.3858,-0.989,0.064,0.007,0.4359,-3.213,0.064,0.007,0.4359,-3.192,0.076,0.01,0.4825,-2.316,0.076,0.01,0.4825,-2.361,-3.341,-3.416,-3.259,-3.418,-3.543,-3.259,-3.707,-3.768,-3.639,-3.776,-3.89,-3.639,-0.103,-0.144,-0.045,-0.164,-0.259,-0.043,-2.947,-2.992,-2.903,-3.028,-3.225
12,3.292,2.663,3.896,3.069,2.409,4.39,4.354,4.031,4.568,4.407,3.713,4.876,4.517,4.48,4.552,37.19,37.04,37.95,4.645,4.379,4.873,37.35,36.31,39.12,72910.08,72914.63,519.6,-94.5,54.68,1.049,523.9,-94,55.99,1.894,14.23,14.22,14.27,6.823,14.22,14.13,14.32,6.834,962,966,0.065,0.009,0.4383,-1.844,0.065,0.009,0.4383,-1.836,0.052,0.006,0.3867,-1.037,0.052,0.006,0.3867,-1.003,0.065,0.007,0.4376,-2.97,0.065,0.007,0.4377,-2.999,0.076,0.01,0.4833,-2.32,0.076,0.01,0.4834,-2.355,-2.891,-2.95,-2.845,-2.915,-3.033,-2.805,-3.229,-3.324,-3.152,-3.223,-3.353,-3.139,0.153,0.053,0.223,0.202,0.053,0.324,-2.467,-2.54,-2.298,-2.456,-2.686
13,4.127,3.758,4.422,4.054,3.293,4.775,6.583,6.13,7.15,6.322,5.588,7.15,6.776,6.716,6.84,32.08,31.9,32.19,6.82,6.693,7,32.06,31.41,32.73,72886.09,72885.88,464.6,-101,53.74,0.555,470.8,-100.1,55.24,1.571,14.2,14.19,14.24,9.08,14.2,14.09,14.32,8.85,870,880,0.065,0.009,0.4382,-1.8,0.065,0.009,0.4383,-1.835,0.052,0.006,0.3875,-1.021,0.052,0.006,0.3875,-1.013,0.065,0.007,0.4402,-2.799,0.065,0.007,0.44,-2.825,0.076,0.01,0.4834,-2.302,0.076,0.01,0.4833,-2.273,-2.849,-2.932,-2.801,-2.886,-2.987,-2.786,-3.318,-3.365,-3.246,-3.357,-3.479,-3.246,-0.243,-0.307,-0.177,-0.273,-0.377,-0.144,-2.649,-2.789,-2.588,-2.684,-2.89
14,4.165,3.969,4.295,4.464,3.558,5.515,6.176,5.751,6.513,6.237,5.176,6.834,6.309,6.261,6.363,32.95,32.75,33.28,6.04,5.711,6.363,33.68,32.75,34.79,72885.78,72888.99,351.9,-109.1,40.25,-10.91,362.1,-108.8,41.71,-10.2,14.21,14.2,14.24,9.81,14.2,14.11,14.26,9.86,672,690,0.065,0.009,0.4382,-1.807,0.065,0.009,0.4383,-1.825,0.053,0.006,0.3892,-1.028,0.053,0.006,0.3891,-1.014,0.066,0.007,0.442,-2.598,0.066,0.007,0.442,-2.626,0.076,0.01,0.4843,-2.225,0.076,0.01,0.4843,-2.234,-1.926,-1.983,-1.866,-1.974,-2.126,-1.858,-2.544,-2.583,-2.481,-2.573,-2.718,-2.466,0.271,0.196,0.331,0.261,0.17,0.373,-1.883,-2.011,-1.844,-1.91,-2.069
15,4.343,4.171,4.514,4.439,3.874,5.274,5.249,5.092,5.398,5.572,5.092,6.154,5.208,5.183,5.242,34.78,34.69,34.88,5.384,5.183,5.526,34.58,34.19,35.26,72907.21,72912.55,198.4,-108.5,19.01,-16.53,211.6,-108.5,20.77,-15.1,14.25,14.22,14.29,8.31,14.22,13.04,14.29,8.48,391,410,0.065,0.009,0.4382,-1.841,0.065,0.009,0.4383,-1.8,0.053,0.007,0.39,-1.081,0.053,0.006,0.39,-1.023,0.066,0.007,0.4449,-2.429,0.066,0.007,0.4445,-2.437,0.076,0.01,0.4852,-2.148,0.076,0.01,0.4852,-2.166,-1.846,-1.904,-1.805,-1.826,-1.922,-1.743,-2.172,-2.251,-2.098,-2.173,-2.263,-2.098,0.413,0.356,0.512,0.44,0.341,0.533,-1.502,-1.575,-1.385,-1.493,-1.622
16,2.935,2.812,3.081,3.365,2.812,4.259,3.36,3.144,3.627,3.377,3.144,3.627,2.961,2.926,2.995,43.56,43.38,43.69,3.179,2.926,3.566,43.11,42.1,43.77,72908.43,72909.3,35.68,-96.9,7.204,-8.78,31.23,-96.3,9.09,-8.15,13.19,13.17,13.21,6.185,13.25,12.83,14.32,6.381,52,53,0.065,0.009,0.4384,-1.708,0.065,0.009,0.4383,-1.768,0.053,0.007,0.3899,-1.065,0.053,0.006,0.39,-1.024,0.067,0.007,0.4464,-2.264,0.067,0.008,0.4458,-2.286,0.076,0.01,0.4861,-2.096,0.076,0.01,0.4862,-2.093,-2.11,-2.183,-2.058,-2.098,-2.185,-1.994,-2.126,-2.213,-2.061,-2.135,-2.271,-2.026,0.44,0.409,0.498,0.445,0.351,0.54,-1.369,-1.445,-1.289,-1.376,-1.461
17,2.254,2.082,2.379,2.203,1.929,2.391,-0.145,-0.257,-0.035,-0.073,-0.31,0.102,-0.669,-0.682,-0.65,54.77,54.1,55.4,-0.562,-0.683,-0.377,54.14,53.14,55.4,72912.73,72913.24,-2.062,-87.8,2.857,-10.85,-2.67,-88,2.558,-10.83,12.75,12.74,12.76,3.22,12.73,12.45,12.76,3.466,0,0,0.065,0.009,0.4384,-1.715,0.065,0.009,0.4383,-1.707,0.053,0.006,0.3908,-1.027,0.053,0.007,0.3908,-1.022,0.067,0.007,0.4464,-2.18,0.067,0.008,0.4464,-2.224,0.077,0.01,0.4881,-2.016,0.077,0.01,0.4874,-2.025,-2.397,-2.475,-2.343,-2.365,-2.51,-2.254,-2.172,-2.246,-2.08,-2.157,-2.27,-2.075,0.497,0.421,0.581,0.51,0.402,0.6,-1.267,-1.351,-1.184,-1.264,-1.398
18,1.029,0.95,1.144,1.065,0.787,1.422,-1.026,-1.097,-0.956,-0.881,-1.117,-0.497,-1.34,-1.362,-1.317,57.98,57.59,58.58,-1.281,-1.362,-1.209,58.07,56.78,59.23,72929.77,72928.76,-1.851,-84.9,3.151,-11.37,-1.955,-84.8,3.028,-11.35,12.7,12.69,12.7,0.572,12.67,12.4,12.7,0.74,0,0,0.065,0.009,0.4383,-1.637,0.065,0.009,0.4383,-1.684,0.053,0.006,0.3909,-1.017,0.053,0.007,0.3908,-1.015,0.067,0.007,0.4464,-2.197,0.067,0.008,0.4464,-2.222,0.077,0.01,0.4871,-1.967,0.077,0.01,0.4871,-1.966,-2.847,-2.897,-2.782,-2.816,-2.972,-2.701,-2.418,-2.486,-2.359,-2.403,-2.499,-2.255,0.45,0.385,0.533,0.448,0.337,0.537,-1.414,-1.528,-1.306,-1.395,-1.528
19,1.411,1.257,1.548,1.651,1.257,1.876,-1.503,-1.613,-1.417,-1.12,-1.613,-0.334,-1.589,-1.637,-1.545,58.29,57.99,58.58,-1.303,-1.637,-1.087,58.96,57.73,59.92,72947.86,72952.83,-1.501,-84.2,3.839,-13.88,-0.897,-83.9,3.737,-13.29,12.66,12.66,12.66,-1.069,12.63,12.34,12.66,-0.979,0,0,0.065,0.009,0.4383,-1.666,0.065,0.009,0.4383,-1.634,0.053,0.007,0.3899,-1.029,0.053,0.007,0.3899,-0.998,0.067,0.007,0.4464,-2.264,0.067,0.008,0.4464,-2.267,0.077,0.01,0.488,-1.884,0.077,0.01,0.488,-1.91,-3.284,-3.362,-3.176,-3.261,-3.375,-3.154,-2.71,-2.789,-2.643,-2.686,-2.797,-2.574,0.309,0.234,0.384,0.31,0.154,0.425,-1.64,-1.755,-1.574,-1.623,-1.764
20,1.075,0.869,1.339,0.69,-0.49,2.339,-1.751,-1.94,-1.473,-1.924,-2.178,-1.473,-2.281,-2.317,-2.252,58.39,58.14,58.54,-2.152,-2.327,-1.941,57.8,57.14,58.54,72954.49,72955.79,-1.748,-85.1,3.191,-12.7,-1.719,-84.6,3.16,-12.57,12.63,12.62,12.64,-2.031,12.61,12.31,12.64,-1.971,0,0,0.065,0.009,0.4384,-1.581,0.065,0.009,0.4383,-1.609,0.053,0.006,0.39,-0.996,0.053,0.006,0.3899,-0.977,0.066,0.007,0.4446,-2.341,0.066,0.007,0.445,-2.342,0.077,0.01,0.488,-1.887,0.077,0.01,0.488,-1.893,-3.586,-3.674,-3.471,-3.564,-3.674,-3.455,-2.91,-2.974,-2.815,-2.89,-3.045,-2.737,0.261,0.145,0.374,0.265,0.145,0.374,-1.816,-1.94,-1.753,-1.803,-1.94
21,1.658,1.413,1.834,1.488,0.649,1.834,-1.925,-2.147,-1.789,-1.75,-2.188,-1.059,-2.141,-2.161,-2.119,54.55,54.38,54.66,-1.938,-2.161,-1.69,54.35,53.15,55.24,72970.75,72968.21,-2.092,-85.6,3.002,-13.73,-1.838,-85.7,2.985,-13.5,12.62,12.61,12.62,-2.504,12.59,12.28,12.62,-2.483,0,0,0.065,0.009,0.4383,-1.586,0.065,0.009,0.4383,-1.604,0.053,0.006,0.3891,-0.983,0.053,0.006,0.3891,-0.986,0.066,0.007,0.4438,-2.418,0.066,0.007,0.4437,-2.44,0.077,0.01,0.488,-1.884,0.077,0.01,0.488,-1.899,-3.857,-3.959,-3.771,-3.844,-4.006,-3.731,-3.104,-3.171,-3.037,-3.09,-3.203,-2.993,0.199,0.105,0.272,0.199,0.068,0.312,-2.005,-2.079,-1.957,-2.006,-2.125
22,1.076,0.875,1.365,1.238,0.699,1.95,-1.325,-1.476,-1.186,-1.545,-1.919,-1.061,-1.76,-1.806,-1.724,49.15,49.07,49.3,-1.916,-2.023,-1.724,50.31,49.07,51.18,72992.21,72993.11,-1.949,-84.8,2.454,-14.06,-2.036,-85.2,2.562,-14.54,12.6,12.59,12.6,-2.739,12.57,12.26,12.6,-2.728,0,0,0.065,0.009,0.4383,-1.563,0.065,0.009,0.4383,-1.57,0.053,0.006,0.3891,-1.014,0.053,0.006,0.3891,-0.969,0.066,0.007,0.4429,-2.58,0.066,0.007,0.4429,-2.543,0.077,0.01,0.488,-1.915,0.077,0.01,0.488,-1.906,-4.04,-4.094,-3.974,-4.039,-4.145,-3.909,-3.273,-3.357,-3.202,-3.256,-3.383,-3.127,0.156,0.077,0.242,0.156,0.039,0.305,-2.176,-2.261,-2.122,-2.173,-2.289
23,1.545,1.439,1.696,1.355,0.329,1.696,-1.528,-1.671,-1.415,-1.534,-2.207,-1.242,-1.781,-1.802,-1.756,51.95,51.83,52.04,-1.844,-1.953,-1.743,52.23,51.52,52.77,72979.91,72975.27,-1.802,-86.4,2.773,-15.43,-2.009,-86.4,2.699,-15.46,12.58,12.57,12.59,-2.885,12.56,12.25,12.59,-2.88,0,0,0.065,0.009,0.4383,-1.57,0.065,0.009,0.4383,-1.576,0.052,0.006,0.3883,-0.986,0.052,0.006,0.3883,-0.959,0.066,0.007,0.4411,-2.633,0.065,0.007,0.4411,-2.624,0.077,0.01,0.488,-1.901,0.077,0.01,0.488,-1.913,-4.227,-4.31,-4.136,-4.217,-4.354,-4.116,-3.419,-3.536,-3.313,-3.401,-3.536,-3.305,0.134,0.066,0.268,0.141,0.003,0.268,-2.324,-2.406,-2.184,-2.325,-2.457
24,1.873,1.638,2.028,1.925,1.213,2.276,-1.529,-1.748,-1.253,-1.3,-1.827,-0.558,-1.563,-1.618,-1.494,53.04,52.73,53.34,-1.696,-2.041,-1.454,53.78,52.4,56.03,72976.51,72975.42,-0.312,-85.9,4.363,-14.35,-0.276,-84.5,4.349,-13.31,12.57,12.56,12.58,-2.961,12.54,12.26,12.58,-2.955,0,0,0.065,0.009,0.4384,-1.642,0.065,0.009,0.4383,-1.59,0.052,0.006,0.3884,-0.971,0.052,0.006,0.3883,-0.939,0.065,0.007,0.4403,-2.729,0.065,0.007,0.4403,-2.74,0.077,0.01,0.488,-1.925,0.077,0.01,0.488,-1.941,-4.303,-4.402,-4.233,-4.296,-4.402,-4.175,-3.524,-3.612,-3.458,-3.492,-3.612,-3.359,0.136,0.059,0.212,0.153,0.024,0.271,-2.444,-2.534,-2.38,-2.43,-2.565
25,-0.214,-0.585,0.353,0.136,-0.697,1.155,-2.457,-2.562,-2.357,-2.049,-2.562,-1.658,-2.437,-2.484,-2.392,54.07,53.89,54.21,-2.184,-2.484,-2.009,53.32,52.86,54.21,73026.79,73024.46,-3.285,-83.2,1.884,-14.05,-2.177,-83.6,2.75,-14.03,12.55,12.54,12.56,-2.956,12.53,12.22,12.56,-2.939,0,0,0.065,0.009,0.4383,-1.566,0.065,0.009,0.4383,-1.581,0.052,0.006,0.3875,-0.966,0.052,0.006,0.3875,-0.942,0.065,0.007,0.4394,-2.849,0.065,0.007,0.4394,-2.82,0.077,0.01,0.4871,-1.971,0.077,0.01,0.487,-1.968,-4.374,-4.431,-4.31,-4.375,-4.511,-4.285,-3.583,-3.675,-3.47,-3.579,-3.705,-3.441,0.193,0.078,0.302,0.184,0.078,0.302,-2.493,-2.599,-2.426,-2.506,-2.602
26,1.385,1.3,1.472,1.091,0.658,1.505,-1.674,-1.832,-1.49,-1.623,-2.214,-0.672,-2.069,-2.083,-2.037,54.33,54.09,54.56,-1.872,-2.119,-1.608,52.71,51.52,54.92,73067.43,73069.74,-1.522,-83.5,3.812,-14.93,-0.68,-83.6,3.596,-15.15,12.54,12.52,12.54,-3.25,12.51,12.19,12.54,-3.232,0,0,0.065,0.009,0.4382,-1.642,0.065,0.009,0.4383,-1.603,0.052,0.006,0.3866,-0.943,0.052,0.006,0.3866,-0.929,0.065,0.007,0.4385,-2.909,0.065,0.007,0.4386,-2.904,0.077,0.01,0.4871,-2.03,0.077,0.01,0.4871,-2.017,-4.468,-4.538,-4.383,-4.479,-4.61,-4.363,-3.677,-3.783,-3.577,-3.665,-3.786,-3.516,0.175,0.094,0.266,0.183,0.059,0.293,-2.612,-2.669,-2.513,-2.595,-2.715
27,1.016,0.897,1.132,1.197,0.634,1.882,-1.401,-1.657,-1.08,-1.379,-1.796,-0.895,-1.614,-1.64,-1.594,50.77,50.64,50.95,-1.524,-1.64,-1.332,51.37,50.19,52.61,73079.49,73080.29,-2.465,-85,3.389,-15.73,-1.708,-85.2,3.458,-16,12.52,12.5,12.52,-3.334,12.49,12.17,12.52,-3.342,0,0,0.065,0.009,0.4384,-1.632,0.065,0.009,0.4383,-1.607,0.052,0.006,0.3866,-0.911,0.052,0.006,0.3867,-0.925,0.065,0.007,0.4377,-2.981,0.065,0.007,0.4377,-2.977,0.077,0.01,0.4871,-2.058,0.077,0.01,0.4879,-2.043,-4.622,-4.709,-4.517,-4.637,-4.773,-4.517,-3.794,-3.864,-3.713,-3.794,-3.897,-3.647,0.138,0.047,0.268,0.145,0.017,0.268,-2.716,-2.788,-2.616,-2.73,-2.861
28,1.795,1.722,1.892,1.639,1.294,1.962,-0.799,-1.1,-0.435,-1.54,-2.062,-0.435,-1.77,-1.875,-1.623,56.9,55.92,57.44,-1.853,-2.013,-1.623,55.22,52.18,57.89,73069.73,73069.04,0.351,-85.5,4.105,-14.5,-0.154,-85.2,3.553,-16.07,12.49,12.49,12.5,-3.407,12.47,12.14,12.5,-3.396,0,0,0.065,0.009,0.4383,-1.619,0.065,0.009,0.4383,-1.618,0.052,0.006,0.3858,-0.932,0.052,0.006,0.3858,-0.921,0.064,0.007,0.4368,-3.02,0.064,0.007,0.4368,-3.043,0.076,0.01,0.4861,-2.075,0.076,0.01,0.4861,-2.075,-4.716,-4.832,-4.643,-4.699,-4.847,-4.561,-3.857,-3.956,-3.784,-3.849,-3.956,-3.751,0.166,0.109,0.245,0.165,0.012,0.278,-2.76,-2.842,-2.688,-2.781,-2.902
29,0.667,0.52,0.775,0.743,0.367,1.11,-1.349,-1.506,-1.163,-1.741,-2.644,-0.422,-1.707,-1.738,-1.689,51.19,51.02,51.3,-2.335,-2.616,-1.689,53.6,51.02,54.74,73049.43,73051.75,-0.398,-85.9,3.507,-15.28,-0.99,-86,3.288,-15.74,12.46,12.46,12.47,-3.506,12.43,12.11,12.47,-3.485,0,0,0.065,0.009,0.4383,-1.655,0.065,0.009,0.4383,-1.667,0.052,0.006,0.3859,-0.962,0.052,0.006,0.3858,-0.933,0.064,0.007,0.4359,-3.12,0.064,0.007,0.4359,-3.113,0.077,0.01,0.4862,-2.134,0.076,0.01,0.4861,-2.121,-4.793,-4.861,-4.672,-4.78,-4.91,-4.672,-3.9,-3.985,-3.813,-3.91,-4.035,-3.793,0.203,0.061,0.316,0.203,0.006,0.321,-2.835,-2.925,-2.754,-2.835,-2.956
30,0.905,0.74,1.077,0.502,0.159,1.077,-1.981,-2.141,-1.783,-1.896,-2.208,-1.46,-2.212,-2.231,-2.192,52.74,52.59,52.91,-2.147,-2.248,-2.005,52.64,52.17,53.02,73043.56,73039.71,-0.423,-87,3.776,-16.59,-2.177,-87.2,3.397,-16.26,12.41,12.4,12.42,-3.784,12.38,12.06,12.42,-3.768,0,0,0.065,0.009,0.4382,-1.67,0.065,0.009,0.4383,-1.657,0.051,0.006,0.385,-0.954,0.052,0.006,0.385,-0.93,0.064,0.007,0.4351,-3.177,0.064,0.007,0.4351,-3.185,0.076,0.01,0.4852,-2.152,0.076,0.01,0.4852,-2.15,-4.923,-5.004,-4.867,-4.913,-5.105,-4.814,-4.034,-4.128,-3.939,-4.018,-4.128,-3.886,0.186,0.092,0.279,0.192,0.066,0.279,-2.938,-2.994,-2.877,-2.935,-3.066
31,1.233,1.094,1.414,1.218,0.771,1.742,-1.787,-2.004,-1.561,-1.89,-2.328,-1.234,-2.052,-2.09,-2.021,53.39,53.23,53.54,-2.201,-2.355,-2.021,54.07,53.14,55.22,73070.68,73069.35,4.317,-88.5,4.109,-16.5,3.256,-88.5,4.003,-16.18,12.35,12.34,12.36,-4.044,12.32,12.01,12.36,-4.032,11,8,0.065,0.009,0.4383,-1.719,0.065,0.009,0.4382,-1.71,0.051,0.006,0.3842,-0.958,0.051,0.006,0.3842,-0.934,0.064,0.007,0.4342,-3.263,0.064,0.007,0.4342,-3.265,0.076,0.01,0.4853,-2.187,0.076,0.01,0.4852,-2.19,-5.043,-5.093,-4.973,-5.031,-5.163,-4.91,-4.105,-4.182,-4.042,-4.094,-4.226,-4.005,0.162,0.106,0.259,0.189,0.028,0.321,-3.021,-3.153,-2.928,-3.02,-3.153
32,1.629,1.52,1.765,1.414,1.161,1.765,-1.172,-1.264,-1.073,-1.486,-1.813,-1.073,-1.591,-1.625,-1.543,51.61,51.49,51.74,-1.652,-1.733,-1.543,51.83,51.49,51.97,73119.66,73119.76,39.58,-87.1,7.097,-14.69,38.55,-87.1,6.959,-15.19,12.82,12.81,12.83,-3.728,12.73,12.37,12.83,-3.768,83,81,0.065,0.009,0.4383,-1.739,0.065,0.009,0.4383,-1.72,0.051,0.006,0.3842,-0.946,0.051,0.006,0.3842,-0.951,0.063,0.007,0.4333,-3.346,0.064,0.007,0.4333,-3.345,0.076,0.01,0.4843,-2.222,0.076,0.01,0.4843,-2.223,-5.18,-5.27,-5.066,-5.178,-5.32,-5.066,-4.273,-4.364,-4.19,-4.274,-4.387,-4.13,0.102,0.025,0.164,0.099,-0.113,0.201,-3.195,-3.283,-3.09,-3.198,-3.331
33,3.732,3.628,3.875,3.654,2.991,3.93,0.159,-0.009,0.32,0.297,-0.044,0.648,0.295,0.266,0.318,41.12,40.89,41.32,0.268,0.185,0.325,40.62,39.89,41.33,73156.88,73155.21,276.7,-91.2,15.48,-25.77,246.1,-90,14.75,-22.39,14.51,14.48,14.57,-2.842,14.5,13.91,14.57,-2.933,138,206,0.065,0.009,0.4383,-1.74,0.065,0.009,0.4383,-1.749,0.051,0.006,0.3833,-0.93,0.051,0.006,0.3841,-0.954,0.063,0.007,0.4324,-3.421,0.063,0.007,0.4324,-3.403,0.076,0.01,0.4834,-2.288,0.076,0.01,0.4834,-2.289,-5.223,-5.29,-5.151,-5.227,-5.346,-5.108,-4.399,-4.473,-4.35,-4.39,-4.49,-4.267,0.038,-0.046,0.115,0.045,-0.063,0.169,-3.325,-3.432,-3.206,-3.312,-3.432
34,2.875,2.535,3.205,3.231,2.535,3.77,2.142,2.026,2.29,2.093,1.779,2.344,2.455,2.428,2.475,39.01,38.1,40.19,2.293,2.06,2.488,38.22,37.07,40.19,73178.5,73176.06,360.1,-95.7,26.28,-20.69,354.8,-94.9,24.6,-20.38,14.45,14.43,14.5,-1.031,14.45,13.96,14.53,-1.202,646,637,0.065,0.009,0.4383,-1.707,0.065,0.009,0.4383,-1.766,0.051,0.006,0.3833,-0.96,0.051,0.006,0.3834,-0.953,0.063,0.006,0.4325,-3.464,0.063,0.007,0.4325,-3.459,0.076,0.01,0.4834,-2.323,0.076,0.01,0.4834,-2.326,-5.261,-5.331,-5.148,-5.266,-5.382,-5.148,-4.567,-4.638,-4.495,-4.559,-4.664,-4.447,-0.111,-0.23,0.007,-0.124,-0.258,0.012,-3.501,-3.607,-3.396,-3.505,-3.676
35,1.268,1.101,1.488,1.018,0.556,1.488,2.724,2.53,2.863,2.221,1.671,2.863,3.132,3.042,3.219,35.86,35.18,36.38,2.913,2.747,3.219,36.64,35.18,38.63,73145.19,73152.01,432.6,-89.3,43.23,-5.926,438.8,-90.8,42.17,-7.821,14.31,14.29,14.37,3.232,14.31,14.22,14.38,2.889,787,796,0.065,0.009,0.4382,-1.788,0.065,0.009,0.4383,-1.805,0.051,0.006,0.3834,-0.956,0.051,0.006,0.3834,-0.959,0.063,0.006,0.4325,-3.457,0.063,0.007,0.4325,-3.45,0.076,0.01,0.4824,-2.327,0.076,0.01,0.4825,-2.343,-5.165,-5.26,-5.086,-5.259,-5.467,-5.086,-4.797,-4.88,-4.754,-4.852,-5.072,-4.704,-0.445,-0.526,-0.377,-0.464,-0.586,-0.308,-3.783,-3.88,-3.645,-3.816,-4.016
36,1.544,1.27,1.807,1.724,1.25,2.425,2.283,2.041,2.422,2.725,2.041,3.29,3.041,2.972,3.109,37.34,36.62,37.72,3.377,2.972,3.63,35.75,33.72,37.96,73105.23,73105.43,338.1,-86.1,40.61,-2.692,351.3,-85.9,42,-1.822,14.26,14.25,14.3,6.11,14.23,13.26,14.3,6.048,636,658,0.065,0.009,0.4382,-1.879,0.065,0.009,0.4383,-1.81,0.051,0.006,0.3842,-0.984,0.051,0.006,0.3842,-0.981,0.064,0.007,0.4334,-3.36,0.063,0.007,0.4326,-3.394,0.076,0.01,0.4825,-2.401,0.076,0.01,0.4825,-2.383,-4.159,-4.242,-4.065,-4.242,-4.403,-4.065,-4.191,-4.245,-4.137,-4.243,-4.346,-4.136,-0.079,-0.178,0.006,-0.105,-0.196,0.006,-3.215,-3.285,-3.109,-3.268,-3.397
37,1.246,1.033,1.562,1.311,0.832,1.761,2.996,2.572,3.186,2.913,1.841,3.541,3.587,3.571,3.62,34.73,34.29,35.18,3.267,2.945,3.62,36.31,34.29,37.83,73084.74,73087.37,312.7,-87.2,39.53,-3.006,321,-86.8,40.36,-2.831,14.27,14.24,14.3,6.738,14.24,13.09,14.3,6.694,598,612,0.065,0.009,0.4383,-1.86,0.065,0.009,0.4383,-1.855,0.051,0.006,0.385,-0.978,0.052,0.006,0.385,-0.987,0.064,0.007,0.4341,-3.231,0.064,0.007,0.4342,-3.252,0.075,0.01,0.4815,-2.408,0.075,0.01,0.4815,-2.4,-3.502,-3.564,-3.445,-3.553,-3.688,-3.423,-3.862,-3.913,-3.787,-3.893,-4.011,-3.777,-0.118,-0.192,-0.065,-0.119,-0.228,-0.024,-2.974,-3.037,-2.897,-3.002,-3.136
38,1.625,1.464,1.747,1.601,1.321,2.1,3.307,3.139,3.424,3.209,2.731,3.588,3.455,3.432,3.487,33.32,33.18,33.6,3.359,3.18,3.501,33.86,33.18,34.51,73068.91,73072.98,216.6,-88.9,28.02,-5.196,234.3,-89,30.4,-4.984,14.28,14.27,14.3,6.809,14.23,12.97,14.33,6.844,420,453,0.065,0.009,0.4382,-1.812,0.065,0.009,0.4383,-1.855,0.052,0.006,0.3858,-0.958,0.052,0.006,0.3858,-0.99,0.064,0.007,0.4367,-3.024,0.064,0.007,0.4365,-3.052,0.075,0.01,0.4824,-2.369,0.076,0.01,0.4825,-2.385,-2.878,-2.944,-2.825,-2.913,-3.045,-2.817,-3.322,-3.395,-3.252,-3.368,-3.493,-3.252,0.085,0.019,0.175,0.066,-0.043,0.175,-2.495,-2.574,-2.417,-2.528,-2.643
39,1.066,0.935,1.151,0.938,0.768,1.151,1.8,1.696,1.868,1.772,1.614,2.026,1.729,1.71,1.756,39.07,38.85,39.27,1.856,1.7,2.043,38.4,37.17,39.53,73041.12,73046.66,108.1,-82.8,15.92,-3.665,118.8,-83,17.12,-3.898,14.31,14.3,14.34,5.767,14.14,12.87,14.35,5.888,213,233,0.065,0.009,0.4382,-1.864,0.065,0.009,0.4383,-1.847,0.052,0.006,0.3875,-1.014,0.052,0.006,0.3875,-1.007,0.065,0.007,0.4394,-2.799,0.065,0.007,0.4386,-2.827,0.076,0.01,0.4825,-2.341,0.076,0.01,0.4825,-2.329,-2.561,-2.646,-2.48,-2.571,-2.682,-2.474,-2.894,-2.974,-2.825,-2.923,-3.047,-2.825,0.28,0.205,0.356,0.262,0.171,0.356,-2.055,-2.116,-1.967,-2.072,-2.182
40,1.692,1.576,1.819,1.147,0.337,1.819,0.233,0.04,0.33,-0.163,-0.337,0.33,-0.486,-0.529,-0.447,42.03,41.53,42.34,-0.401,-0.559,-0.154,43.7,40.24,44.8,72993.05,72996.83,20.92,-76.57,6.114,-6.254,26,-76.03,6.224,-6.173,12.95,12.94,12.95,3.649,12.97,12.75,13.11,3.842,41,53,0.065,0.009,0.4383,-1.807,0.065,0.009,0.4383,-1.844,0.052,0.006,0.3885,-1.037,0.052,0.006,0.3877,-1.017,0.066,0.007,0.4413,-2.619,0.065,0.007,0.4407,-2.645,0.076,0.01,0.4834,-2.253,0.076,0.01,0.4834,-2.265,-2.517,-2.621,-2.421,-2.513,-2.635,-2.41,-2.588,-2.689,-2.542,-2.608,-2.719,-2.516,0.482,0.382,0.557,0.464,0.34,0.558,-1.66,-1.778,-1.586,-1.67,-1.78
41,2.854,2.695,3.136,2.446,1.643,3.357,1.036,0.714,1.349,0.203,-0.417,1.349,-0.161,-0.264,-0.03,14.4,13.65,15.22,-0.395,-0.549,-0.03,14.94,11.08,18.52,73016.78,73011.69,1.024,-79.27,5.421,-11.44,-0.293,-77.95,4.562,-10.76,12.73,12.72,12.74,0.951,12.7,12.42,12.74,1.125,0,0,0.065,0.009,0.4383,-1.766,0.065,0.009,0.4383,-1.791,0.052,0.006,0.3883,-1.033,0.052,0.006,0.3883,-1.027,0.066,0.007,0.4412,-2.531,0.066,0.007,0.4412,-2.55,0.076,0.01,0.4843,-2.155,0.076,0.01,0.4843,-2.191,-3.016,-3.079,-2.937,-2.977,-3.12,-2.851,-2.732,-2.819,-2.675,-2.71,-2.846,-2.6,0.397,0.313,0.468,0.412,0.276,0.539,-1.749,-1.824,-1.681,-1.719,-1.863
42,0.936,0.713,1.168,1.898,0.713,3.045,0.418,0.288,0.492,1.233,0.288,2.235,0.75,0.687,0.828,15.14,13.94,16.98,1.361,0.687,1.854,14.1,4.53,23.08,73044.51,73034.43,-4.516,-88.9,1.429,-15.4,-3.657,-90.8,1.883,-14.24,12.69,12.68,12.69,0.457,12.66,12.38,12.69,0.433,0,0,0.065,0.009,0.4384,-1.773,0.065,0.009,0.4383,-1.787,0.052,0.006,0.3883,-1.033,0.052,0.006,0.3883,-1.027,0.066,0.007,0.4412,-2.556,0.066,0.007,0.4411,-2.554,0.076,0.01,0.4853,-2.082,0.076,0.01,0.4853,-2.127,-3.497,-3.585,-3.431,-3.524,-3.658,-3.431,-3.03,-3.106,-2.952,-3.046,-3.137,-2.933,0.224,0.101,0.302,0.191,0.066,0.302,-1.953,-2.014,-1.892,-1.992,-2.115
43,2.867,2.612,3.035,2.072,0.838,3.076,0.981,0.815,1.254,0.483,-0.606,1.555,0.276,0.216,0.33,6.684,5.231,7.52,0.155,-0.184,0.468,10.82,5.231,17.48,73064.14,73066.45,-0.551,-85,3.681,-13.1,-2.093,-85.3,2.488,-13.11,12.67,12.66,12.67,0.374,12.64,12.34,12.67,0.401,0,0,0.065,0.009,0.4383,-1.737,0.065,0.009,0.4383,-1.764,0.052,0.006,0.3875,-1.017,0.052,0.006,0.3875,-1.029,0.065,0.007,0.4402,-2.57,0.065,0.007,0.4402,-2.589,0.076,0.01,0.4852,-2.103,0.076,0.01,0.4852,-2.088,-3.673,-3.79,-3.582,-3.671,-3.799,-3.562,-3.088,-3.156,-3.017,-3.098,-3.21,-3.003,0.29,0.206,0.359,0.278,0.175,0.378,-1.985,-2.062,-1.891,-1.992,-2.15
44,2.11,1.716,2.43,1.934,1.418,2.602,0.463,-0.028,1.125,-0.078,-0.616,1.125,-0.289,-0.385,-0.238,16.06,10.07,19.41,-0.523,-0.726,-0.238,16.99,10.07,20.74,73076.68,73080.3,-0.863,-82.4,3.148,-11.35,-1.282,-82.9,2.796,-12.19,12.64,12.63,12.65,-0.291,12.62,12.32,12.65,-0.214,0,0,0.065,0.009,0.4382,-1.739,0.065,0.009,0.4383,-1.733,0.052,0.006,0.3875,-1.024,0.052,0.006,0.3875,-1.03,0.065,0.007,0.4403,-2.651,0.065,0.007,0.4403,-2.663,0.076,0.01,0.4852,-2.096,0.076,0.01,0.4852,-2.076,-3.833,-3.936,-3.728,-3.835,-3.948,-3.728,-3.203,-3.274,-3.091,-3.191,-3.313,-3.074,0.283,0.174,0.32,0.277,0.134,0.411,-2.107,-2.214,-2.034,-2.07,-2.214
45,2.153,1.951,2.268,2.416,1.951,2.765,-1.069,-1.17,-1.019,-0.94,-1.249,-0.353,-1.418,-1.436,-1.404,13.78,13.62,14.04,-1.3,-1.436,-1.106,13.98,13.34,14.63,73075.96,73073.5,-1.579,-82.4,3.213,-17.57,-1.003,-82.8,3.349,-17.67,12.63,12.62,12.63,-1.227,12.6,12.3,12.63,-1.15,0,0,0.065,0.009,0.4383,-1.699,0.065,0.009,0.4383,-1.707,0.052,0.006,0.3874,-1.027,0.052,0.006,0.3875,-1.012,0.065,0.007,0.4394,-2.693,0.065,0.007,0.4394,-2.715,0.077,0.01,0.4862,-2.075,0.076,0.01,0.4862,-2.07,-4.078,-4.152,-3.985,-4.052,-4.174,-3.922,-3.357,-3.431,-3.289,-3.343,-3.438,-3.232,0.262,0.186,0.359,0.264,0.113,0.369,-2.196,-2.28,-2.139,-2.195,-2.309
46,2.819,2.756,2.871,2.766,2.469,2.974,-0.459,-0.661,-0.282,-0.44,-0.968,0.282,-0.762,-0.784,-0.745,9.07,8.94,9.32,-0.972,-1.354,-0.686,9.6,8.35,12.25,73085.96,73086.54,-1.454,-93.6,3.969,-20.93,-1.014,-92.8,4.182,-20.84,12.61,12.6,12.61,-1.988,12.58,12.28,12.61,-1.942,0,0,0.065,0.009,0.4383,-1.691,0.065,0.009,0.4383,-1.715,0.052,0.006,0.3866,-1.002,0.052,0.006,0.3866,-1.001,0.065,0.007,0.4386,-2.807,0.065,0.007,0.4385,-2.803,0.076,0.01,0.4851,-2.068,0.076,0.01,0.4852,-2.068,-4.331,-4.416,-4.215,-4.303,-4.439,-4.18,-3.546,-3.669,-3.458,-3.523,-3.669,-3.414,0.196,0.056,0.291,0.202,0.051,0.307,-2.384,-2.499,-2.294,-2.372,-2.499
47,2.467,2.401,2.578,2.358,2.039,2.809,-1.413,-1.534,-1.298,-0.888,-1.534,-0.099,-1.254,-1.329,-1.149,12.44,12.25,12.84,-1.19,-1.421,-0.868,12.24,11.48,13.25,73044.42,73042.46,-2.106,-100.7,3.414,-23.31,-2.291,-99.5,3.602,-22.89,12.6,12.59,12.6,-2.426,12.57,12.27,12.6,-2.396,0,0,0.065,0.009,0.4384,-1.772,0.065,0.009,0.4383,-1.709,0.052,0.006,0.3858,-0.993,0.052,0.006,0.3858,-1.007,0.065,0.007,0.4377,-2.888,0.065,0.007,0.4377,-2.89,0.076,0.01,0.4852,-2.085,0.076,0.01,0.4852,-2.093,-4.555,-4.638,-4.501,-4.536,-4.638,-4.438,-3.652,-3.731,-3.577,-3.644,-3.833,-3.528,0.199,0.133,0.286,0.209,0.088,0.343,-2.488,-2.567,-2.439,-2.476,-2.625
48,2.384,2.217,2.551,2.055,1.821,2.551,-1.658,-1.815,-1.562,-1.837,-2.036,-1.562,-2.125,-2.162,-2.093,10.95,10.82,11.13,-2.146,-2.205,-2.015,11.28,10.71,11.76,73019.7,73022.42,-2.572,-100.4,3.346,-22.95,-2.804,-100.3,3.138,-23.18,12.58,12.57,12.58,-2.978,12.55,12.27,12.58,-2.942,0,0,0.065,0.009,0.4383,-1.698,0.065,0.009,0.4383,-1.709,0.052,0.006,0.3858,-0.965,0.052,0.006,0.3858,-1.003,0.064,0.007,0.4368,-3.013,0.064,0.007,0.4368,-2.991,0.076,0.01,0.4853,-2.106,0.076,0.01,0.4852,-2.114,-4.804,-4.948,-4.745,-4.777,-4.948,-4.667,-3.813,-3.906,-3.734,-3.805,-3.949,-3.686,0.218,0.11,0.348,0.217,0.079,0.348,-2.64,-2.704,-2.584,-2.645,-2.797
49,3.864,3.713,4.012,3.891,3.713,4.064,0.1,-0.069,0.239,-0.057,-0.306,0.239,-0.374,-0.402,-0.339,7.964,7.785,8.13,-0.429,-0.569,-0.33,8.43,7.772,9.57,72986.27,72993,-1.042,-97.5,5.022,-24.72,-0.512,-98.5,5.537,-24.71,12.56,12.55,12.56,-3.157,12.53,12.22,12.56,-3.17,0,0,0.065,0.009,0.4383,-1.697,0.065,0.009,0.4383,-1.696,0.051,0.006,0.3851,-0.993,0.052,0.006,0.385,-0.992,0.064,0.007,0.4351,-3.113,0.064,0.007,0.4351,-3.106,0.076,0.01,0.4852,-2.18,0.076,0.01,0.4852,-2.13,-5.078,-5.15,-4.978,-5.061,-5.195,-4.942,-4.073,-4.17,-3.979,-4.041,-4.208,-3.929,0.112,0.018,0.222,0.12,-0.037,0.232,-2.887,-2.97,-2.782,-2.877,-3.01
50,2.978,2.87,3.087,3.526,2.87,3.869,-0.606,-0.766,-0.456,-0.486,-0.871,-0.047,-0.661,-0.711,-0.626,8.15,7.598,8.47,-0.763,-0.908,-0.609,7.418,6.258,8.47,72983.14,72983.48,-3.27,-98.8,3.045,-24.99,-1.66,-97.2,3.416,-25.5,12.54,12.53,12.55,-2.796,12.52,12.21,12.55,-2.815,0,0,0.065,0.009,0.4383,-1.696,0.065,0.009,0.4383,-1.718,0.051,0.006,0.3842,-0.983,0.051,0.006,0.3842,-0.994,0.064,0.007,0.4342,-3.234,0.064,0.007,0.4342,-3.213,0.076,0.01,0.4844,-2.18,0.076,0.01,0.4843,-2.193,-5.21,-5.3,-5.145,-5.196,-5.318,-5.089,-4.172,-4.252,-4.131,-4.18,-4.316,-4.056,0.113,0.037,0.187,0.119,-0.023,0.236,-2.996,-3.103,-2.9,-2.994,-3.142
51,2.131,2,2.249,2.048,1.64,2.338,-1.156,-1.354,-0.905,-1.208,-1.804,-0.608,-1.411,-1.438,-1.383,8.46,8.36,8.69,-1.536,-1.756,-1.317,8.9,8.02,10,72955.06,72956.98,-1.562,-96.8,3.679,-21.7,-1.522,-95.3,3.224,-21.92,12.52,12.51,12.53,-2.906,12.49,12.19,12.53,-2.88,0,0,0.065,0.009,0.4383,-1.766,0.065,0.009,0.4383,-1.745,0.051,0.006,0.3833,-0.983,0.051,0.006,0.3833,-0.988,0.064,0.007,0.4334,-3.356,0.064,0.007,0.4333,-3.335,0.076,0.01,0.4834,-2.197,0.076,0.01,0.4833,-2.218,-5.241,-5.343,-5.151,-5.235,-5.347,-5.113,-4.215,-4.277,-4.125,-4.217,-4.357,-4.073,0.206,0.113,0.284,0.209,0.103,0.355,-3.049,-3.128,-2.994,-3.025,-3.167
52,2.003,1.919,2.145,2.559,1.919,2.972,-1.118,-1.223,-0.93,-1.053,-1.556,-0.394,-1.512,-1.542,-1.49,8.54,8.4,8.65,-1.43,-1.598,-1.273,8.33,7.582,9.14,72926.68,72925.94,-2.637,-102.5,3.869,-23.59,-1.208,-102.3,4.802,-23.94,12.49,12.48,12.5,-3.324,12.46,12.15,12.5,-3.3,0,0,0.065,0.009,0.4382,-1.817,0.065,0.009,0.4383,-1.784,0.051,0.006,0.3834,-1.01,0.051,0.006,0.3834,-0.99,0.063,0.007,0.4316,-3.421,0.063,0.007,0.4316,-3.42,0.076,0.01,0.4834,-2.264,0.076,0.01,0.4834,-2.287,-5.424,-5.538,-5.352,-5.403,-5.553,-5.295,-4.356,-4.44,-4.283,-4.343,-4.478,-4.218,0.158,0.057,0.276,0.189,0.039,0.298,-3.193,-3.325,-3.117,-3.183,-3.325
53,3.011,2.843,3.131,2.828,2.095,3.158,-0.459,-0.535,-0.399,-0.485,-1.475,0.071,-0.784,-0.8,-0.768,6.486,6.416,6.635,-1.188,-1.892,-0.768,6.924,6.367,7.546,72891.78,72890.39,0.401,-97,4.27,-23.88,0.381,-97.7,4.909,-23.42,12.45,12.44,12.45,-3.576,12.42,12.11,12.45,-3.562,0,0,0.065,0.009,0.4383,-1.815,0.065,0.009,0.4383,-1.789,0.051,0.006,0.3825,-0.99,0.051,0.006,0.3825,-1,0.063,0.006,0.4307,-3.544,0.063,0.006,0.4307,-3.521,0.076,0.01,0.4825,-2.32,0.076,0.01,0.4825,-2.344,-5.581,-5.638,-5.5,-5.555,-5.659,-5.434,-4.515,-4.571,-4.417,-4.465,-4.571,-4.351,0.157,0.078,0.282,0.174,0.049,0.282,-3.335,-3.422,-3.233,-3.309,-3.445
54,3.615,3.515,3.701,3.436,3.084,3.739,0.633,0.462,0.768,0.568,0.113,0.873,0.299,0.264,0.343,8.39,8.25,8.72,0.01,-0.699,0.343,9.44,8.11,11.12,72906.01,72910.65,1.426,-66.01,3.919,-21.99,1.181,-68.32,3.912,-22.02,12.39,12.38,12.39,-3.409,12.36,12.05,12.39,-3.451,0,0,0.065,0.009,0.4383,-1.829,0.065,0.009,0.4383,-1.814,0.051,0.006,0.3817,-0.994,0.051,0.006,0.3817,-1.002,0.063,0.006,0.4299,-3.616,0.063,0.006,0.4299,-3.627,0.075,0.01,0.4815,-2.337,0.075,0.01,0.4815,-2.38,-5.821,-5.898,-5.76,-5.792,-5.923,-5.681,-4.739,-4.816,-4.679,-4.699,-4.823,-4.564,0.054,-0.043,0.13,0.063,-0.107,0.182,-3.531,-3.612,-3.458,-3.523,-3.648
55,2.889,2.747,3.006,2.909,2.622,3.11,0.157,-0.015,0.271,0.096,-0.25,0.467,-0.237,-0.28,-0.207,4.501,4.387,4.771,-0.176,-0.354,-0.056,5.577,4.387,6.304,72886.73,72887.98,4.85,-89.6,4.205,-22.34,2.804,-86.5,3.807,-21.68,12.34,12.33,12.35,-2.54,12.31,12.02,12.35,-2.584,13,9,0.065,0.009,0.4383,-1.872,0.065,0.009,0.4383,-1.865,0.051,0.006,0.3809,-1.007,0.05,0.006,0.3808,-1.019,0.063,0.006,0.4289,-3.71,0.063,0.006,0.429,-3.708,0.075,0.01,0.4805,-2.464,0.075,0.01,0.4809,-2.449,-5.694,-5.798,-5.629,-5.705,-5.825,-5.572,-4.741,-4.806,-4.651,-4.759,-4.882,-4.64,0.109,0.053,0.169,0.091,-0.05,0.187,-3.582,-3.653,-3.498,-3.583,-3.705
56,3.832,3.635,4.147,3.163,2.705,4.147,0.444,0.214,0.591,0.406,-0.17,0.93,0.044,0.021,0.074,5.408,5.268,5.678,0.177,0.011,0.309,5.586,4.813,6.189,72884.7,72885.87,47.01,-95.2,9.7,-21.53,37.04,-97,8.41,-21.25,12.5,12.48,12.51,-2.273,12.41,12.09,12.51,-2.293,101,85,0.065,0.009,0.4381,-1.93,0.065,0.009,0.4383,-1.899,0.051,0.006,0.3809,-1.03,0.051,0.006,0.3808,-1.02,0.062,0.006,0.4281,-3.805,0.062,0.006,0.4281,-3.768,0.075,0.01,0.4806,-2.496,0.075,0.01,0.4806,-2.494,-5.664,-5.738,-5.617,-5.637,-5.747,-5.535,-4.734,-4.831,-4.671,-4.724,-4.848,-4.607,0.098,0.01,0.163,0.101,-0.042,0.212,-3.582,-3.661,-3.506,-3.577,-3.729
57,5.136,5.064,5.192,5.06,4.803,5.269,3.133,3.033,3.21,2.86,2.299,3.21,3.062,3.029,3.098,5.04,4.868,5.239,2.588,2.001,3.098,5.389,4.868,5.95,72899.62,72897.55,200.5,-91.6,22.94,-17.09,197.4,-91.9,22.26,-17.53,14.47,14.44,14.48,-1.426,14.46,13.76,14.51,-1.555,305,300,0.065,0.009,0.4383,-1.963,0.065,0.009,0.4383,-1.936,0.05,0.006,0.38,-1.06,0.05,0.006,0.38,-1.042,0.062,0.006,0.4274,-3.823,0.062,0.006,0.428,-3.826,0.075,0.01,0.4806,-2.548,0.075,0.01,0.4807,-2.54,-5.847,-5.905,-5.783,-5.795,-5.932,-5.655,-5.008,-5.056,-4.942,-4.936,-5.087,-4.815,-0.168,-0.266,-0.086,-0.074,-0.266,0.08,-3.908,-3.991,-3.797,-3.821,-3.991
58,5.047,4.886,5.197,5.316,4.794,6.111,4.986,4.886,5.07,4.945,4.627,5.163,5.498,5.467,5.53,4.235,3.97,4.556,5.555,5.455,5.645,4.123,3.308,4.965,72907.28,72905.14,283.7,-103.8,26.43,-16.36,344.5,-102,31.23,-14.79,14.36,14.35,14.41,1.838,14.36,13.62,14.44,1.564,521,626,0.065,0.009,0.4383,-1.96,0.065,0.009,0.4383,-1.979,0.05,0.006,0.38,-1.053,0.05,0.006,0.38,-1.062,0.062,0.006,0.4272,-3.852,0.062,0.006,0.4273,-3.852,0.075,0.01,0.4797,-2.587,0.075,0.01,0.4797,-2.577,-5.735,-5.789,-5.679,-5.784,-5.916,-5.643,-5.204,-5.257,-5.142,-5.229,-5.323,-5.097,-0.401,-0.448,-0.358,-0.412,-0.534,-0.28,-4.136,-4.206,-4.054,-4.158,-4.325
59,4.775,4.589,4.953,4.945,4.365,5.718,6.897,6.596,7.059,6.15,4.972,7.059,7.585,7.478,7.681,6.828,6.597,7.059,7.123,6.771,7.681,6.821,6.093,8.12,72846.43,72853.22,474.8,-102.4,44.58,-12.26,491,-102.8,45.42,-12.73,14.22,14.2,14.28,6.383,14.22,13.93,14.3,5.949,870,892,0.065,0.009,0.4384,-2.027,0.065,0.009,0.4383,-2.001,0.051,0.006,0.3809,-1.058,0.051,0.006,0.3809,-1.067,0.062,0.006,0.4282,-3.797,0.062,0.006,0.4282,-3.803,0.075,0.01,0.4788,-2.633,0.075,0.01,0.4788,-2.628,-5.46,-5.511,-5.398,-5.544,-5.718,-5.387,-5.271,-5.346,-5.229,-5.329,-5.453,-5.206,-0.669,-0.754,-0.556,-0.693,-0.831,-0.556,-4.26,-4.425,-4.112,-4.289,-4.491
60,6.747,6.389,6.988,6.189,5.355,6.988,7.024,6.899,7.175,6.555,5.664,7.175,6.889,6.823,6.95,9.43,7.968,10.21,6.655,6.371,6.95,10.06,7.968,11.03,72769.84,72776.92,540.6,-118,56.81,-4.64,545.1,-117.2,56.36,-5.745,14.16,14.14,14.21,9.76,14.14,14.02,14.22,9.84,987,994,0.065,0.009,0.4374,-2.051,0.065,0.009,0.4374,-2.035,0.051,0.006,0.3817,-1.086,0.051,0.006,0.3817,-1.088,0.063,0.006,0.429,-3.649,0.063,0.006,0.429,-3.682,0.074,0.01,0.4778,-2.605,0.074,0.01,0.4778,-2.632,-4.078,-4.129,-3.989,-4.161,-4.339,-3.989,-4.175,-4.232,-4.138,-4.237,-4.39,-4.133,0.2,0.136,0.266,0.196,0.099,0.311,-3.113,-3.188,-3.048,-3.15,-3.348
61,5.499,5.199,5.956,5.382,4.626,6.844,7.69,7.265,7.974,7.189,6.41,7.974,7.797,7.747,7.865,9.07,8.47,9.35,7.509,7.254,7.865,9.57,8.47,10.29,72698,72701.89,491.2,-121.7,56.57,-5.473,483.8,-121,55.09,-5.436,14.16,14.15,14.2,11.02,14.16,14.14,14.25,10.87,902,891,0.065,0.009,0.4375,-2.045,0.065,0.009,0.4374,-2.04,0.051,0.006,0.3825,-1.11,0.051,0.006,0.3825,-1.107,0.063,0.007,0.4307,-3.49,0.063,0.007,0.4307,-3.5,0.074,0.01,0.4778,-2.612,0.074,0.01,0.478,-2.624,-3.839,-3.939,-3.776,-3.9,-4.061,-3.771,-4.176,-4.259,-4.102,-4.231,-4.407,-4.102,-0.188,-0.246,-0.129,-0.226,-0.375,-0.129,-3.194,-3.328,-3.146,-3.25,-3.493
62,6.076,5.872,6.426,6.264,5.764,7.075,7.186,7.036,7.298,7.348,6.811,8.08,7.374,7.332,7.42,4.502,4.25,4.748,7.355,7.21,7.521,4.793,4.24,5.814,72659.3,72661.27,368.9,-126.2,41.39,-15.49,381.8,-126.3,43.47,-14.89,14.17,14.16,14.21,11.06,14.17,14.13,14.28,11.15,690,711,0.065,0.009,0.4374,-2.043,0.065,0.009,0.4374,-2.043,0.051,0.006,0.3833,-1.12,0.051,0.006,0.3833,-1.126,0.063,0.007,0.4332,-3.224,0.064,0.007,0.4332,-3.287,0.075,0.01,0.4787,-2.541,0.075,0.01,0.4788,-2.585,-2.932,-3.008,-2.888,-2.987,-3.147,-2.846,-3.392,-3.485,-3.316,-3.437,-3.548,-3.316,0.265,0.197,0.33,0.257,0.133,0.357,-2.392,-2.47,-2.342,-2.446,-2.631
63,6.813,6.719,7.002,6.795,6.272,7.373,6.888,6.811,6.954,6.852,6.244,7.3,6.446,6.428,6.473,6.136,5.884,6.361,6.191,5.775,6.49,5.555,4.987,6.361,72650.93,72651.42,243.3,-124.8,23.54,-24.37,251.7,-124.4,24.82,-23.7,14.22,14.22,14.24,9.41,14.2,13.06,14.26,9.58,461,470,0.065,0.009,0.4374,-2.049,0.065,0.009,0.4375,-2.049,0.051,0.006,0.3841,-1.139,0.051,0.006,0.3841,-1.128,0.064,0.007,0.4351,-3.02,0.064,0.007,0.4351,-3.045,0.075,0.01,0.4798,-2.52,0.075,0.01,0.4797,-2.523,-2.827,-2.874,-2.771,-2.775,-2.92,-2.627,-2.918,-2.97,-2.871,-2.889,-2.999,-2.798,0.482,0.425,0.566,0.519,0.407,0.621,-1.881,-2,-1.712,-1.859,-2
64,6.202,6.039,6.283,5.949,5.615,6.283,4.773,4.66,4.874,4.873,4.66,5.066,4.497,4.469,4.524,11.28,11.2,11.32,4.668,4.469,4.985,10.93,10.55,11.32,72652.92,72646.23,31.66,-112,8.52,-19.66,37.79,-113,9.85,-19.66,14.2,14.09,14.29,7.445,13.79,12.87,14.31,7.647,67,65,0.065,0.009,0.4374,-2.026,0.065,0.009,0.4374,-2.023,0.051,0.006,0.385,-1.134,0.052,0.006,0.385,-1.139,0.064,0.007,0.4369,-2.878,0.064,0.007,0.4368,-2.891,0.075,0.01,0.4807,-2.467,0.075,0.01,0.4807,-2.456,-3.078,-3.124,-3.001,-3.072,-3.18,-2.978,-2.889,-2.934,-2.855,-2.903,-3.008,-2.826,0.5,0.432,0.568,0.488,0.405,0.573,-1.735,-1.849,-1.672,-1.743,-1.875
65,4.565,4.479,4.63,4.677,4.479,4.824,2.125,2.035,2.223,2.07,1.584,2.613,1.61,1.584,1.627,15.49,15.47,15.52,1.48,1.334,1.636,15.64,15.27,15.86,72659.62,72652.15,-2.384,-97.7,3.808,-19.01,-2.353,-97.8,3.581,-18.72,12.77,12.76,12.77,4.461,12.74,12.49,12.77,4.696,0,0,0.065,0.009,0.4375,-2.008,0.065,0.009,0.4374,-1.989,0.051,0.006,0.385,-1.161,0.052,0.006,0.385,-1.147,0.064,0.007,0.4368,-2.846,0.064,0.007,0.4368,-2.818,0.075,0.01,0.4807,-2.394,0.075,0.01,0.4806,-2.398,-3.44,-3.506,-3.387,-3.41,-3.513,-3.296,-3.003,-3.09,-2.929,-2.996,-3.153,-2.91,0.482,0.389,0.537,0.499,0.389,0.589,-1.758,-1.877,-1.665,-1.74,-1.877
66,2.037,1.883,2.16,2.199,1.883,2.589,0.112,-0.032,0.185,0.436,-0.034,0.895,-0.132,-0.169,-0.094,17.96,17.82,18.11,0.162,-0.169,0.415,17.46,17.11,18.11,72682.02,72678.92,-3.229,-92.5,1.912,-16.11,-4.388,-93.6,2.02,-17.01,12.7,12.69,12.7,1.749,12.68,12.44,12.71,1.922,0,0,0.065,0.009,0.4374,-1.981,0.065,0.009,0.4374,-1.962,0.051,0.006,0.385,-1.132,0.052,0.006,0.385,-1.151,0.064,0.007,0.4369,-2.853,0.064,0.007,0.4368,-2.816,0.075,0.01,0.4815,-2.316,0.075,0.01,0.4816,-2.325,-3.823,-3.948,-3.747,-3.81,-3.948,-3.719,-3.211,-3.277,-3.151,-3.205,-3.375,-3.112,0.382,0.304,0.461,0.393,0.254,0.498,-1.875,-1.938,-1.821,-1.877,-1.973
67,3.883,3.772,4,3.677,3.255,4,0.792,0.592,0.91,0.664,0.313,0.919,0.373,0.347,0.403,17.21,17.15,17.38,0.23,0.002,0.403,17.35,17.15,17.69,72711.37,72709,-0.283,-75,4.1,-17.83,-0.621,-76.04,4.031,-17.61,12.67,12.66,12.67,-0.098,12.64,12.37,12.67,-0.019,0,0,0.065,0.009,0.4374,-1.969,0.065,0.009,0.4374,-1.934,0.051,0.006,0.3841,-1.145,0.051,0.006,0.3845,-1.154,0.064,0.007,0.4359,-2.913,0.064,0.007,0.4359,-2.857,0.075,0.01,0.4815,-2.264,0.075,0.01,0.4815,-2.298,-4.341,-4.418,-4.234,-4.293,-4.418,-4.18,-3.617,-3.72,-3.511,-3.563,-3.72,-3.436,0.172,0.109,0.231,0.206,0.101,0.351,-2.221,-2.328,-2.14,-2.185,-2.328
68,3.51,3.433,3.585,3.483,3.103,3.795,0.428,0.332,0.519,0.5,0.323,0.742,0.305,0.28,0.323,17.51,17.37,17.61,0.311,0.234,0.415,17.51,17.21,17.93,72715.53,72714.06,-1.773,-82,2.886,-18.86,-1.909,-80.7,2.768,-18.58,12.65,12.63,12.65,-0.331,12.62,12.34,12.65,-0.326,0,0,0.065,0.009,0.4375,-1.933,0.065,0.009,0.4375,-1.893,0.051,0.006,0.3842,-1.135,0.051,0.006,0.3842,-1.159,0.064,0.007,0.4351,-2.977,0.064,0.007,0.4353,-2.94,0.075,0.01,0.4816,-2.267,0.075,0.01,0.4816,-2.271,-4.468,-4.536,-4.416,-4.471,-4.614,-4.308,-3.779,-3.884,-3.695,-3.778,-3.928,-3.673,0.12,0.077,0.179,0.092,-0.017,0.221,-2.413,-2.463,-2.36,-2.413,-2.529
69,3.44,3.329,3.532,3.613,3.329,3.792,0.614,0.482,0.737,0.694,0.285,1.044,0.412,0.383,0.432,17.34,17.29,17.37,0.327,0.098,0.537,17.53,17.16,18.02,72722.54,72715.08,-0.39,-66.34,3.212,-16.85,-0.088,-62.95,3.132,-16.69,12.63,12.62,12.63,-0.571,12.6,12.32,12.63,-0.561,0,0,0.065,0.009,0.4375,-1.847,0.065,0.009,0.4374,-1.877,0.051,0.006,0.3841,-1.136,0.051,0.006,0.3841,-1.129,0.064,0.007,0.4352,-3.041,0.064,0.007,0.4348,-3.014,0.075,0.01,0.4815,-2.299,0.075,0.01,0.4815,-2.279,-4.553,-4.642,-4.487,-4.531,-4.671,-4.417,-3.88,-3.938,-3.832,-3.844,-3.984,-3.731,0.083,0.007,0.16,0.09,-0.059,0.2,-2.537,-2.654,-2.448,-2.497,-2.654
70,3.001,2.874,3.148,2.989,2.568,3.242,0.182,-0.242,0.722,0.11,-0.242,0.722,-0.273,-0.301,-0.239,18.21,17.39,18.95,-0.21,-0.337,-0.098,18.3,17.39,18.95,72718.38,72717.33,-2.353,-76.09,2.435,-17.47,-1.318,-77.3,3.008,-18.36,12.62,12.61,12.62,-0.687,12.59,12.29,12.62,-0.659,0,0,0.065,0.009,0.4376,-1.969,0.065,0.009,0.4375,-1.879,0.051,0.006,0.3842,-1.119,0.051,0.006,0.3842,-1.135,0.064,0.007,0.4343,-3.098,0.064,0.007,0.4342,-3.06,0.075,0.01,0.4815,-2.327,0.075,0.01,0.4815,-2.291,-4.541,-4.638,-4.481,-4.536,-4.66,-4.415,-3.892,-3.954,-3.811,-3.879,-4.016,-3.784,0.122,0.059,0.195,0.114,-0.015,0.22,-2.545,-2.652,-2.481,-2.546,-2.66
71,3.202,3.069,3.289,3.033,2.676,3.289,-0.088,-0.188,-0.001,0.087,-0.219,0.362,-0.189,-0.215,-0.156,17.97,17.89,18.07,-0.061,-0.215,0.093,17.7,17.36,18.07,72713.13,72714.85,-0.408,-72.99,2.808,-17.61,-0.321,-71.29,3.208,-17.04,12.6,12.59,12.61,-0.954,12.58,12.27,12.61,-0.945,0,0,0.065,0.009,0.4374,-1.908,0.065,0.009,0.4374,-1.854,0.051,0.006,0.3832,-1.107,0.051,0.006,0.3839,-1.135,0.064,0.006,0.4343,-3.106,0.064,0.007,0.4342,-3.103,0.075,0.01,0.4815,-2.341,0.075,0.01,0.4815,-2.295,-4.682,-4.735,-4.615,-4.675,-4.771,-4.57,-3.97,-4.1,-3.914,-3.978,-4.1,-3.846,0.043,-0.035,0.119,0.058,-0.046,0.172,-2.665,-2.746,-2.592,-2.668,-2.779
72,3.171,3.093,3.245,3.255,2.966,3.72,1.076,1.011,1.161,0.955,0.73,1.292,0.789,0.769,0.828,17.16,17.12,17.21,0.679,0.598,0.828,17.48,17.12,17.9,72671.41,72678.06,-1.522,-69.85,2.213,-17.69,-1.153,-65.03,2.267,-17.62,12.59,12.59,12.6,-1.03,12.56,12.25,12.6,-1.048,0,0,0.065,0.009,0.4375,-1.903,0.065,0.009,0.4374,-1.881,0.051,0.006,0.3833,-1.103,0.051,0.006,0.3833,-1.126,0.064,0.007,0.4334,-3.238,0.064,0.007,0.4333,-3.163,0.075,0.01,0.4815,-2.348,0.075,0.01,0.4816,-2.308,-4.803,-4.883,-4.726,-4.775,-4.908,-4.654,-4.102,-4.179,-4.022,-4.085,-4.209,-3.988,0.004,-0.079,0.125,0.015,-0.122,0.138,-2.793,-2.893,-2.703,-2.795,-2.899
73,3.787,3.705,3.902,3.783,3.589,4.05,1.299,1.078,1.589,1.034,0.635,1.589,0.936,0.915,0.977,16.65,16.1,17.11,0.736,0.604,0.977,17.29,16.1,18.2,72650.81,72646.42,-1.275,-72.2,2.693,-19.38,-1.214,-70.77,2.551,-19.33,12.58,12.57,12.59,-0.605,12.55,12.24,12.59,-0.63,0,0,0.065,0.009,0.4374,-1.929,0.065,0.009,0.4374,-1.864,0.051,0.006,0.3834,-1.132,0.051,0.006,0.3833,-1.128,0.064,0.007,0.4333,-3.242,0.064,0.007,0.4334,-3.211,0.075,0.01,0.4805,-2.33,0.075,0.01,0.481,-2.33,-4.744,-4.83,-4.656,-4.745,-4.863,-4.644,-4.102,-4.177,-4.023,-4.11,-4.263,-3.99,0.023,-0.046,0.078,0.004,-0.132,0.13,-2.857,-2.96,-2.755,-2.852,-2.971
74,4.3,4.095,4.432,4.292,3.943,4.577,1.01,0.898,1.085,1.085,0.869,1.279,0.848,0.822,0.865,16.81,16.49,17.06,0.784,0.652,0.875,16.46,15.79,17.22,72662.57,72665.48,-0.895,-67.79,2.546,-19.53,-0.855,-69.45,2.806,-19.54,12.57,12.56,12.57,-0.463,12.54,12.23,12.57,-0.468,0,0,0.065,0.009,0.4374,-1.928,0.065,0.009,0.4375,-1.894,0.051,0.006,0.3833,-1.158,0.051,0.006,0.3833,-1.126,0.063,0.007,0.4325,-3.277,0.063,0.007,0.4325,-3.238,0.075,0.01,0.4805,-2.348,0.075,0.01,0.4806,-2.336,-4.715,-4.788,-4.634,-4.716,-4.845,-4.604,-4.105,-4.19,-4.033,-4.093,-4.214,-3.986,0.015,-0.056,0.134,0.023,-0.095,0.134,-2.878,-2.97,-2.816,-2.857,-2.975
75,3.702,3.6,3.791,3.542,3.306,3.791,1.093,0.961,1.235,1.247,0.808,1.571,0.985,0.936,1.018,16.06,15.79,16.45,1.236,0.936,1.568,16.05,15.6,17.09,72662.49,72660.11,-1.432,-74.9,1.877,-18.89,-1.82,-71.23,1.811,-18.67,12.56,12.55,12.56,-0.16,12.53,12.21,12.56,-0.182,0,0,0.065,0.009,0.4375,-1.912,0.065,0.009,0.4375,-1.893,0.051,0.006,0.3833,-1.136,0.051,0.006,0.3834,-1.127,0.063,0.007,0.4324,-3.306,0.063,0.007,0.4325,-3.269,0.075,0.01,0.4807,-2.383,0.075,0.01,0.4806,-2.356,-4.66,-4.739,-4.587,-4.703,-4.837,-4.587,-4.125,-4.247,-4.07,-4.122,-4.247,-3.998,0.016,-0.093,0.128,-0.004,-0.123,0.128,-2.893,-2.944,-2.822,-2.913,-3.01
76,4.268,4.108,4.378,4.278,4.008,4.454,1.686,1.621,1.774,1.663,1.351,2.196,1.496,1.47,1.525,17.72,17.55,17.86,1.328,1.057,1.525,17.48,16.76,18.37,72661.97,72658.92,0.462,-33.84,2.543,-14.33,1.314,-32.59,2.612,-14.71,12.54,12.52,12.54,-0.315,12.51,12.19,12.54,-0.328,0,0,0.065,0.009,0.4374,-1.859,0.065,0.009,0.4374,-1.899,0.051,0.006,0.3833,-1.114,0.051,0.006,0.3833,-1.135,0.063,0.006,0.4325,-3.285,0.063,0.007,0.4325,-3.275,0.075,0.01,0.4806,-2.404,0.075,0.01,0.4807,-2.377,-4.745,-4.815,-4.689,-4.719,-4.833,-4.588,-4.173,-4.228,-4.091,-4.14,-4.256,-4.035,-0.034,-0.111,0.071,-0.006,-0.124,0.143,-2.958,-3.062,-2.857,-2.937,-3.062
77,3.829,3.749,3.935,4.013,3.746,4.236,0.942,0.819,1.057,1.275,0.819,1.743,0.983,0.928,1.036,18.24,18.15,18.44,1.21,0.928,1.357,17.81,17.42,18.44,72652.49,72653.29,-2.027,-84.7,2.113,-19.61,-1.788,-82,2.123,-18.79,12.52,12.51,12.52,0.276,12.49,12.18,12.52,0.263,0,0,0.065,0.009,0.4375,-1.876,0.065,0.009,0.4375,-1.898,0.051,0.006,0.3832,-1.116,0.051,0.006,0.3833,-1.132,0.063,0.006,0.4325,-3.292,0.063,0.007,0.4325,-3.285,0.075,0.01,0.4807,-2.404,0.075,0.01,0.4806,-2.378,-4.482,-4.576,-4.404,-4.539,-4.659,-4.404,-4.063,-4.164,-3.958,-4.097,-4.237,-3.958,0.045,-0.047,0.106,0.022,-0.089,0.166,-2.906,-2.981,-2.827,-2.924,-3.061
78,3.493,3.346,3.667,3.552,3.231,3.938,1.304,1.176,1.469,0.718,0.174,1.658,0.677,0.598,0.723,17.97,17.93,18.06,0.36,0.15,0.723,18.65,17.93,19.34,72680.29,72675.29,-1.236,-72.46,2.632,-17.43,-1.137,-67.08,2.622,-18.31,12.48,12.47,12.48,-0.301,12.45,12.13,12.48,-0.259,0,0,0.065,0.009,0.4375,-1.909,0.065,0.009,0.4374,-1.919,0.051,0.006,0.3833,-1.102,0.051,0.006,0.3833,-1.122,0.063,0.006,0.4325,-3.317,0.063,0.007,0.4325,-3.296,0.075,0.01,0.4806,-2.443,0.075,0.01,0.4809,-2.397,-4.535,-4.642,-4.421,-4.509,-4.646,-4.394,-4.002,-4.107,-3.941,-3.983,-4.128,-3.891,0.083,-0.011,0.14,0.085,-0.015,0.183,-2.824,-2.927,-2.761,-2.826,-2.941
79,3.757,3.661,3.844,3.555,3.338,3.844,0.823,0.639,0.915,0.818,0.099,1.282,0.64,0.614,0.663,18.41,18.33,18.52,0.318,-0.019,0.679,18.09,17.76,18.52,72696.42,72694.7,5.193,-75.85,3.864,-19.69,4.454,-75.8,3.995,-19.38,12.43,12.42,12.43,-0.871,12.4,12.07,12.44,-0.831,13,9,0.065,0.009,0.4374,-1.9,0.065,0.009,0.4375,-1.915,0.051,0.006,0.3825,-1.13,0.051,0.006,0.3825,-1.132,0.063,0.007,0.4324,-3.313,0.063,0.007,0.4325,-3.278,0.075,0.01,0.4806,-2.439,0.075,0.01,0.4804,-2.399,-4.658,-4.788,-4.579,-4.627,-4.788,-4.483,-4.03,-4.138,-3.947,-4,-4.166,-3.877,0.074,0.012,0.151,0.093,-0.052,0.205,-2.853,-2.904,-2.733,-2.838,-3.002
80,3.609,3.519,3.71,3.692,3.519,3.898,1.61,1.487,1.761,1.328,0.951,1.761,1.228,1.184,1.27,19.85,19.59,20.17,0.965,0.631,1.27,20.42,19.59,21.29,72720.34,72711.87,54.32,-75.64,8.78,-15.43,47.83,-75.97,8.25,-16.34,12.77,12.75,12.78,-0.907,12.68,12.31,12.78,-0.934,115,101,0.065,0.009,0.4375,-1.898,0.065,0.009,0.4374,-1.922,0.051,0.006,0.3825,-1.127,0.051,0.006,0.3825,-1.132,0.063,0.006,0.4325,-3.331,0.063,0.007,0.4325,-3.318,0.075,0.01,0.4807,-2.506,0.075,0.01,0.4806,-2.427,-4.816,-4.864,-4.759,-4.816,-4.959,-4.649,-4.173,-4.258,-4.089,-4.161,-4.283,-4.054,-0.009,-0.089,0.061,-0.001,-0.108,0.136,-3.016,-3.107,-2.953,-2.99,-3.107
81,4.519,4.417,4.614,4.617,4.417,4.892,2.045,1.934,2.12,2.254,1.934,2.617,2.199,2.164,2.233,21.1,21.04,21.15,2.11,1.817,2.308,21.01,20.63,21.38,72755.26,72752.56,132.5,-82.2,8.99,-22.37,206.8,-79.26,13.17,-20.58,14.42,14.38,14.46,-0.072,14.42,13.87,14.49,-0.139,134,220,0.065,0.009,0.4375,-1.904,0.065,0.009,0.4375,-1.933,0.051,0.006,0.3825,-1.132,0.051,0.006,0.3825,-1.145,0.063,0.007,0.4315,-3.371,0.063,0.007,0.4316,-3.341,0.075,0.01,0.4806,-2.446,0.075,0.01,0.4806,-2.417,-4.756,-4.832,-4.681,-4.771,-4.932,-4.674,-4.241,-4.343,-4.142,-4.229,-4.343,-4.138,-0.035,-0.157,0.033,-0.025,-0.157,0.058,-3.054,-3.14,-2.974,-3.045,-3.204
82,6.726,6.578,6.978,6.483,5.885,6.999,4.981,4.879,5.062,4.711,4.01,5.17,4.886,4.85,4.915,17.94,17.67,18.51,4.516,4.14,4.915,17.92,17.3,19.11,72785.93,72780.61,458.5,-93.5,25.99,-25.58,448.5,-91.5,24.25,-24.97,14.41,14.39,14.49,0.928,14.42,14.35,14.51,0.818,826,807,0.065,0.009,0.4375,-1.902,0.065,0.009,0.4375,-1.96,0.051,0.006,0.3825,-1.105,0.051,0.006,0.3825,-1.144,0.063,0.006,0.4317,-3.392,0.063,0.006,0.4316,-3.353,0.075,0.01,0.4807,-2.379,0.075,0.01,0.4807,-2.437,-4.748,-4.81,-4.701,-4.723,-4.836,-4.59,-4.243,-4.327,-4.166,-4.211,-4.327,-4.05,-0.049,-0.124,0.046,-0.018,-0.162,0.137,-3.09,-3.227,-2.99,-3.07,-3.293
83,5.731,5.245,6.217,5.687,4.849,6.232,7.688,7.261,8,7.251,6.478,8,8.71,8.64,8.76,14.07,13.62,14.68,8.45,8.3,8.76,14.64,13.62,15.88,72764.73,72769.34,518.8,-96.8,42.63,-12.7,514.8,-97.2,40.51,-13.96,14.18,14.17,14.27,6.556,14.19,14.09,14.3,6.013,952,945,0.065,0.009,0.4375,-1.964,0.065,0.009,0.4374,-1.952,0.051,0.006,0.3825,-1.152,0.051,0.006,0.3825,-1.137,0.063,0.006,0.4316,-3.367,0.063,0.007,0.4316,-3.338,0.075,0.01,0.4806,-2.471,0.075,0.01,0.4807,-2.448,-5.268,-5.364,-5.181,-5.404,-5.749,-5.179,-4.988,-5.045,-4.903,-5.078,-5.277,-4.903,-0.838,-0.949,-0.725,-0.901,-1.134,-0.725,-3.846,-4.022,-3.803,-3.928,-4.207
84,6.982,6.114,7.715,6.673,5.907,7.715,7.927,7.537,8.4,7.98,7.098,8.92,8.16,8.13,8.23,18.19,16.93,18.99,8.11,7.874,8.25,18.52,15.21,20.81,72721.36,72722.02,525.1,-96.7,54.98,0.504,524.3,-96.8,54.67,0.247,14.13,14.12,14.21,10.41,14.12,14.01,14.21,10.46,980,975,0.065,0.009,0.4375,-1.956,0.065,0.009,0.4374,-1.973,0.051,0.006,0.3833,-1.151,0.051,0.006,0.3833,-1.149,0.063,0.006,0.4325,-3.306,0.063,0.007,0.4325,-3.295,0.075,0.01,0.4806,-2.46,0.075,0.01,0.4807,-2.45,-3.829,-3.876,-3.779,-3.925,-4.124,-3.779,-3.911,-3.967,-3.862,-3.961,-4.101,-3.856,0.071,-0.007,0.132,0.06,-0.057,0.169,-2.767,-2.863,-2.616,-2.813,-3.012
85,7.081,6.751,7.547,6.941,6.146,7.896,8.66,8.13,8.98,8.85,7.756,9.98,9.2,9.17,9.23,17.92,15.84,20.58,9.26,9.03,9.52,17.4,15.37,21.5,72687.52,72691.93,474.2,-101.3,54.78,0.705,470.6,-100.7,54.37,0.908,14.13,14.12,14.15,12.03,14.13,14.11,14.21,11.87,895,889,0.065,0.009,0.4375,-1.956,0.065,0.009,0.4375,-1.967,0.051,0.006,0.3841,-1.167,0.051,0.006,0.3841,-1.158,0.064,0.007,0.4342,-3.149,0.064,0.007,0.4342,-3.169,0.075,0.009,0.4809,-2.422,0.075,0.01,0.4807,-2.443,-3.351,-3.421,-3.264,-3.418,-3.616,-3.264,-3.882,-3.96,-3.817,-3.931,-4.042,-3.815,-0.312,-0.4,-0.241,-0.347,-0.479,-0.2,-2.878,-3.044,-2.811,-2.935,-3.14
86,7.415,7.168,7.902,7.605,6.507,8.46,7.965,7.668,8.44,8.07,7.201,8.93,8.15,8.12,8.21,16.22,15.68,17.12,8.04,7.871,8.22,17.26,15.68,18.69,72685.14,72683.95,364.7,-105.4,41.25,-10.73,362.3,-106.1,41.54,-10.4,14.15,14.14,14.19,11.91,14.14,14.11,14.19,12,701,699,0.065,0.009,0.4375,-1.916,0.065,0.009,0.4374,-1.951,0.052,0.006,0.3858,-1.14,0.052,0.006,0.3854,-1.155,0.064,0.007,0.4358,-2.913,0.064,0.007,0.4359,-2.945,0.075,0.01,0.4806,-2.404,0.075,0.01,0.4806,-2.415,-2.373,-2.491,-2.303,-2.429,-2.582,-2.3,-3.074,-3.166,-3.027,-3.12,-3.228,-3.027,0.154,0.074,0.19,0.152,0.057,0.241,-2.087,-2.167,-1.996,-2.127,-2.269
87,5.613,5.447,5.733,5.794,5.354,6.096,6.161,5.918,6.293,6.322,5.918,6.647,5.942,5.924,5.967,19.39,19.06,19.62,6.1,5.924,6.241,18.88,18.43,19.62,72697.8,72698.32,111,-97.6,11.91,-13.29,128,-99.3,13.28,-13.94,14.2,14.18,14.22,10.04,14.15,12.93,14.3,10.24,229,260,0.065,0.009,0.4374,-1.952,0.065,0.009,0.4375,-1.951,0.052,0.006,0.3867,-1.155,0.052,0.006,0.3866,-1.159,0.065,0.007,0.4395,-2.633,0.065,0.007,0.4387,-2.691,0.075,0.01,0.4807,-2.362,0.075,0.01,0.4806,-2.362,-2.107,-2.163,-2.015,-2.09,-2.177,-2.015,-2.501,-2.584,-2.425,-2.525,-2.635,-2.425,0.374,0.325,0.424,0.382,0.307,0.465,-1.53,-1.58,-1.467,-1.555,-1.686
88,4.891,4.731,5.018,4.657,4.475,5.018,4.211,4.108,4.282,4.347,4.108,4.55,4.026,4.004,4.047,22.63,22.5,22.78,4.106,4.004,4.228,22.33,21.89,22.89,72676.54,72674.19,33.97,-82.9,9.56,-9.21,36.97,-81.8,7.822,-8.14,13.21,13.16,13.24,7.406,13.14,12.81,13.51,7.607,73,75,0.065,0.009,0.4375,-1.942,0.065,0.009,0.4375,-1.909,0.052,0.006,0.3874,-1.161,0.052,0.006,0.3875,-1.157,0.065,0.007,0.4403,-2.471,0.065,0.007,0.4406,-2.503,0.075,0.01,0.4815,-2.225,0.075,0.01,0.4815,-2.263,-2.278,-2.319,-2.224,-2.269,-2.363,-2.169,-2.451,-2.518,-2.396,-2.44,-2.532,-2.349,0.383,0.311,0.459,0.377,0.238,0.479,-1.337,-1.393,-1.281,-1.355,-1.481
89,3.198,3.095,3.298,3.213,3.059,3.436,1.338,1.28,1.403,1.561,1.28,1.817,0.962,0.916,1.004,30.34,30.24,30.43,1.145,0.916,1.386,29.86,29.16,30.44,72733.11,72738.57,-1.893,-84.3,2.566,-11.07,-2.179,-85.1,2.375,-11.39,12.76,12.76,12.77,4.549,12.74,12.46,12.77,4.778,0,0,0.065,0.009,0.4374,-1.863,0.065,0.009,0.4374,-1.87,0.052,0.006,0.3883,-1.143,0.052,0.006,0.3883,-1.16,0.066,0.007,0.4421,-2.369,0.066,0.007,0.4421,-2.386,0.076,0.01,0.4825,-2.159,0.076,0.01,0.4825,-2.185,-2.583,-2.664,-2.523,-2.542,-2.678,-2.411,-2.437,-2.511,-2.385,-2.441,-2.537,-2.35,0.415,0.349,0.48,0.411,0.29,0.496,-1.254,-1.317,-1.199,-1.252,-1.359
90,2.633,2.526,2.739,2.884,2.489,3.126,0.216,-0.047,0.42,0.34,-0.047,0.832,-0.162,-0.182,-0.14,35.11,34.88,35.31,-0.084,-0.182,0.016,36.2,34.88,37.74,72727.4,72725.74,-1.418,-81.3,2.979,-13.61,-1.119,-81.1,3.483,-13.01,12.69,12.69,12.7,1.875,12.67,12.39,12.71,2.046,0,0,0.065,0.009,0.4374,-1.852,0.065,0.009,0.4374,-1.836,0.052,0.006,0.3883,-1.153,0.052,0.006,0.3883,-1.156,0.066,0.007,0.442,-2.334,0.066,0.007,0.442,-2.332,0.076,0.01,0.4834,-2.096,0.076,0.01,0.4834,-2.126,-3.079,-3.177,-3.014,-3.04,-3.177,-2.911,-2.685,-2.781,-2.605,-2.671,-2.781,-2.562,0.354,0.293,0.421,0.357,0.211,0.478,-1.359,-1.436,-1.291,-1.332,-1.436
91,3.69,3.549,3.772,3.822,3.549,4.02,1.504,1.332,1.626,1.694,1.311,2.02,1.339,1.315,1.364,42.5,42.15,43.12,1.526,1.315,1.704,41.85,40.51,43.61,72740.45,72740.92,-1.089,-82.8,3.079,-13.84,-0.944,-82.9,3.171,-13.44,12.67,12.67,12.68,0.554,12.64,12.35,12.68,0.592,0,0,0.065,0.009,0.4375,-1.875,0.065,0.009,0.4374,-1.805,0.052,0.006,0.3874,-1.128,0.052,0.006,0.388,-1.135,0.066,0.007,0.4421,-2.344,0.066,0.007,0.4421,-2.372,0.076,0.01,0.4844,-2.058,0.076,0.01,0.4843,-2.057,-3.513,-3.594,-3.42,-3.494,-3.594,-3.37,-2.967,-3.06,-2.869,-2.971,-3.076,-2.863,0.157,0.098,0.214,0.156,0.052,0.256,-1.615,-1.727,-1.539,-1.622,-1.734
92,3.962,3.795,4.077,3.393,3.022,4.077,1.447,1.223,1.658,1.009,0.505,1.658,0.807,0.763,0.858,48.63,45.79,51.87,0.472,0.177,0.858,46.75,45.12,51.87,72758.63,72761.19,0.079,-78.78,3.438,-11.21,-0.212,-78.74,3.245,-12.43,12.65,12.63,12.65,-0.004,12.62,12.32,12.65,0.045,0,0,0.065,0.009,0.4376,-1.757,0.065,0.009,0.4375,-1.775,0.052,0.006,0.3875,-1.125,0.052,0.006,0.3875,-1.137,0.065,0.007,0.4402,-2.481,0.065,0.007,0.4402,-2.447,0.076,0.01,0.4843,-2.03,0.076,0.01,0.4843,-2.027,-3.691,-3.781,-3.636,-3.666,-3.806,-3.543,-3.127,-3.21,-3.039,-3.099,-3.21,-3.004,0.141,0.065,0.218,0.141,0.024,0.262,-1.755,-1.828,-1.689,-1.735,-1.85
93,3.211,2.975,3.414,2.704,2.15,3.448,0.944,0.823,1.078,1.081,0.563,1.627,0.709,0.686,0.725,47.49,47.04,47.93,1.001,0.686,1.269,46.55,45.59,47.95,72752.7,72755.01,-0.67,-81,2.836,-11.7,-1.769,-81.7,2.265,-12.19,12.63,12.62,12.63,-0.18,12.6,12.3,12.63,-0.186,0,0,0.065,0.009,0.4374,-1.701,0.065,0.009,0.4374,-1.734,0.052,0.006,0.3875,-1.142,0.052,0.006,0.3875,-1.127,0.065,0.007,0.4403,-2.52,0.065,0.007,0.4403,-2.527,0.076,0.01,0.4843,-2.03,0.076,0.01,0.4843,-2.011,-3.87,-3.92,-3.817,-3.874,-3.982,-3.768,-3.305,-3.406,-3.217,-3.291,-3.416,-3.208,0.085,-0.01,0.143,0.075,-0.049,0.158,-1.956,-2.04,-1.884,-1.939,-2.065
94,2.945,2.821,3.21,3.565,2.821,3.937,1.254,1.178,1.367,1.58,1.178,1.89,1.298,1.224,1.364,52.84,52.4,53.21,1.352,1.224,1.472,54.36,52.4,56.06,72778.86,72770.72,-1.862,-84.7,2.689,-14.29,-1.39,-84.2,2.941,-13.55,12.62,12.61,12.62,-0.164,12.59,12.28,12.62,-0.164,0,0,0.065,0.009,0.4374,-1.7,0.065,0.009,0.4374,-1.726,0.052,0.006,0.3876,-1.097,0.052,0.006,0.3875,-1.111,0.065,0.007,0.4394,-2.598,0.065,0.007,0.4394,-2.585,0.076,0.01,0.4844,-2.009,0.076,0.01,0.4843,-2.019,-3.933,-4.007,-3.852,-3.922,-4.041,-3.816,-3.359,-3.458,-3.236,-3.348,-3.51,-3.236,0.091,0.023,0.159,0.085,-0.028,0.21,-2.013,-2.09,-1.951,-2.02,-2.141
95,1.931,1.805,2.011,2.048,1.805,2.25,0.915,0.805,1.031,0.76,0.442,1.031,0.495,0.477,0.526,48.21,47.92,48.38,0.428,0.355,0.526,48.24,47.82,48.85,72817.93,72814.52,-1.894,-83.6,2.435,-9.89,-1.961,-84.1,2.343,-10.67,12.6,12.59,12.61,-0.366,12.58,12.29,12.61,-0.345,0,0,0.065,0.009,0.4374,-1.71,0.065,0.009,0.4374,-1.724,0.052,0.006,0.3866,-1.109,0.052,0.006,0.3866,-1.087,0.065,0.007,0.4385,-2.629,0.065,0.007,0.4391,-2.655,0.076,0.01,0.4843,-2.03,0.076,0.01,0.4843,-2.026,-4.022,-4.122,-3.919,-4.003,-4.128,-3.843,-3.433,-3.507,-3.321,-3.413,-3.551,-3.272,0.091,-0.008,0.142,0.106,-0.053,0.232,-2.084,-2.175,-1.985,-2.081,-2.225
96,3.35,3.24,3.502,3.297,2.958,3.549,1.843,1.745,1.968,2.097,1.745,2.552,1.772,1.721,1.807,52.8,52.19,54.13,1.868,1.721,1.947,52.04,50.63,54.13,72750.06,72759.99,-1.533,-86.3,2.933,-10.13,-1.439,-86.3,2.961,-9.09,12.59,12.59,12.6,-0.141,12.56,12.26,12.6,-0.203,0,0,0.065,0.009,0.4374,-1.667,0.065,0.009,0.4374,-1.696,0.052,0.006,0.3867,-1.056,0.052,0.006,0.3866,-1.082,0.065,0.007,0.4385,-2.711,0.065,0.007,0.4386,-2.725,0.076,0.01,0.4843,-2.016,0.076,0.01,0.4843,-2.035,-4.043,-4.123,-3.948,-4.064,-4.198,-3.948,-3.532,-3.611,-3.471,-3.533,-3.67,-3.418,0.028,-0.086,0.118,0.021,-0.086,0.137,-2.237,-2.307,-2.159,-2.23,-2.392
97,1.944,1.827,2.013,1.869,1.592,2.142,1.144,0.979,1.301,1.254,0.979,1.643,0.93,0.907,0.953,61.99,61.21,62.34,0.955,0.888,1.075,61.79,60.29,63.15,72803.62,72807.2,-1.93,-79.45,2.195,-7.599,-1.922,-80,2.232,-7.705,12.58,12.56,12.58,0.08,12.55,12.24,12.58,0.083,0,0,0.065,0.009,0.4375,-1.68,0.065,0.009,0.4374,-1.704,0.052,0.006,0.3867,-1.041,0.052,0.006,0.3866,-1.073,0.065,0.007,0.4377,-2.764,0.065,0.007,0.4377,-2.762,0.076,0.01,0.4843,-2.065,0.076,0.01,0.4843,-2.052,-3.939,-4.002,-3.899,-3.938,-4.085,-3.808,-3.486,-3.608,-3.4,-3.483,-3.608,-3.377,0.085,0.013,0.147,0.098,-0.003,0.237,-2.185,-2.273,-2.119,-2.188,-2.305
98,1.663,1.478,1.769,1.877,1.478,2.097,0.085,-0.084,0.208,0.182,-0.084,0.478,-0.104,-0.136,-0.064,65.98,65.12,66.33,-0.096,-0.195,-0.019,65.64,64.13,67.88,72800.1,72804.31,-1.132,-66.89,2.313,-10.03,-0.974,-68.46,2.332,-9.36,12.56,12.56,12.57,-0.168,12.54,12.22,12.57,-0.142,0,0,0.065,0.009,0.4373,-1.64,0.065,0.009,0.4374,-1.692,0.052,0.006,0.3867,-1.049,0.052,0.006,0.3867,-1.064,0.065,0.007,0.4376,-2.768,0.065,0.007,0.4377,-2.769,0.076,0.01,0.4843,-2.085,0.076,0.01,0.4843,-2.067,-3.899,-4.027,-3.824,-3.896,-4.027,-3.776,-3.46,-3.515,-3.41,-3.459,-3.601,-3.323,0.109,0.038,0.188,0.111,-0.016,0.215,-2.171,-2.251,-2.081,-2.171,-2.275
99,0.401,0.05,0.622,0.833,0.05,1.587,-1.223,-1.315,-1.079,-0.661,-1.315,0.319,-1.092,-1.16,-1.019,70.6,69.32,71.72,-0.397,-1.16,0.38,65.83,62.43,71.72,72779.81,72787.24,-3.27,-78.1,1.511,-11.95,-2.863,-77.53,2.061,-11.72,12.54,12.53,12.55,-0.584,12.52,12.2,12.55,-0.547,0,0,0.065,0.009,0.4374,-1.734,0.065,0.009,0.4374,-1.697,0.052,0.006,0.3866,-1.034,0.052,0.006,0.3866,-1.05,0.065,0.007,0.4377,-2.831,0.065,0.007,0.4377,-2.789,0.076,0.01,0.4843,-2.054,0.076,0.01,0.4843,-2.073,-3.922,-3.985,-3.848,-3.946,-4.057,-3.848,-3.457,-3.505,-3.397,-3.49,-3.624,-3.374,0.113,0.013,0.198,0.093,-0.023,0.208,-2.187,-2.256,-2.114,-2.206,-2.34
